page,fig_num,caption,box,image_path,method,review_status,id,species_name
21,1,Fig. 1. Types of coral reefs and their evolution,"[229, 362, 2079, 797]",D:\scratchpad\suchi-textbook-work\output\images\fig_001_Fig_1_Types_of_coral_reefs_a.jpg,cv_layout,ok,0,
21,2,Fig. 2. Zonation of a typical Fringing reef (after A.T. White 1987),"[235, 1307, 2070, 761]",D:\scratchpad\suchi-textbook-work\output\images\fig_002_Fig_2_Zonation_of_a_typical.jpg,cv_layout,ok,1,
21,3,Fig. 3. The New Millennium sun rays on the emerald blue Island waters,"[366, 2181, 1817, 1083]",D:\scratchpad\suchi-textbook-work\output\images\fig_003_Fig_3_The_New_Millennium_sun.jpg,cv_layout,ok,2,
22,4,Fig. 4. Aerial view of reef around islands,"[253, 440, 2113, 1231]",D:\scratchpad\suchi-textbook-work\output\images\fig_004_Fig_4_Aerial_view_of_reef_ar.jpg,cv_layout,ok,3,
22,5,Fig. 5. A view of Island projected from mid-sea,"[273, 2591, 2088, 744]",D:\scratchpad\suchi-textbook-work\output\images\fig_005_Fig_5_A_vi_w_of_Island_proje.jpg,cv_layout,ok,4,
23,6,Fig. 6. A view of Landfall Island from East Island.,"[278, 624, 2078, 1160]",D:\scratchpad\suchi-textbook-work\output\images\fig_006_Fig_6_A_vi_w_of_andfall_Isla.jpg,cv_layout,ok,5,
23,7,Fig. 7. A view of shallow reef around island.,"[285, 2153, 2071, 1144]",D:\scratchpad\suchi-textbook-work\output\images\fig_007_Fig_7_A_view_of_shallow_reef.jpg,cv_layout,ok,6,
24,8,"Fig. 8. Aerial View of Cinque Islands, South Andaman.","[263, 417, 2119, 1484]",D:\scratchpad\suchi-textbook-work\output\images\fig_008_Fig_8_Aerial_VIew_of_Cinque.jpg,cv_layout,ok,7,
24,9,Fig. 9. A view of North Button Island Sanctuary.,"[265, 2022, 2112, 1320]",D:\scratchpad\suchi-textbook-work\output\images\fig_009_Fig_9_A_vIe_of_North_But.jpg,cv_layout,ok,8,
25,10,Fig. 10. Rocky coast of Inglish Island,"[271, 563, 2082, 1189]",D:\scratchpad\suchi-textbook-work\output\images\fig_010_Fig_10_Rocky_coast_of_Inglis.jpg,cv_layout,ok,9,
25,11,Fig. 11. View of West coast of Interview Island,"[281, 1904, 2072, 1396]",D:\scratchpad\suchi-textbook-work\output\images\fig_011_Fig_11_View_of_West_coast_of.jpg,cv_layout,ok,10,
26,12,Fig. 12. Panoramic aerial view of Little Andaman.,"[78, 150, 2474, 3336]",D:\scratchpad\suchi-textbook-work\output\images\fig_012_Fig_12_Panoramic_aerial_view.jpg,llm_fallback,,11,
27,14,Fig. 14. A view of Chowra Island (Nicobar Group),"[254, 353, 2073, 1452]",D:\scratchpad\suchi-textbook-work\output\images\fig_014_Fig_14_A_view_of_Chowra_Is_a.jpg,cv_layout,ok,12,
27,15,Fig. 15. Teressa Island (Nicobar Group),"[265, 2382, 2077, 889]",D:\scratchpad\suchi-textbook-work\output\images\fig_015_Fig_15_Teressa_Island_Nicob.jpg,cv_layout,ok,13,
28,16,Fig. 16. A shallow reef exposed during low tide,"[276, 227, 2075, 3230]",D:\scratchpad\suchi-textbook-work\output\images\fig_016_Fig_16_Fig_16_A_shallow_ree.jpg,llm_fallback,,14,
31,22,Fig. 22. A reef slope with corals,"[331, 150, 1975, 3222]",D:\scratchpad\suchi-textbook-work\output\images\fig_022_Fig_22_A_reef_slope_with_cor.jpg,llm_fallback,,15,
32,24,Fig. 24. A shallow reef with diverse coral colonies,"[244, 400, 2109, 1286]",D:\scratchpad\suchi-textbook-work\output\images\fig_024_Fig_24_A_shallow_reef_with_d.jpg,manual_recrop,ok,16,
32,26,Fig. 26. Underwater videography studies by the author.,"[120, 1804, 2393, 1628]",D:\scratchpad\suchi-textbook-work\output\images\fig_026_Fig_26_Underwater_videograph.jpg,llm_fallback,ok,17,
37,27,Fig. 27. Extensive patches of Sargassum sp. weeds in intertidal reef area.,"[460, 391, 1699, 780]",D:\scratchpad\suchi-textbook-work\output\images\fig_027_Fig_27_Extensive_patches_of.jpg,cv_layout,ok,18,Sargassum sp.
37,28,Fig. 28. Mats of Turbinaria ornata on reef flat.,"[465, 1261, 1695, 821]",D:\scratchpad\suchi-textbook-work\output\images\fig_028_Fig_28_Mats_of_Turbinaria_or.jpg,cv_layout,ok,19,Turbinaria ornata
37,29,"Fig. 29. Common shallow red algae, Gracilaria millardii.","[470, 2171, 1690, 1115]",D:\scratchpad\suchi-textbook-work\output\images\fig_029_Fig_29_Common_shallow_redalg.jpg,cv_layout,ok,20,Gracilaria millardii
38,30,Fig. 30. Prolific growth of algae on dead corals,"[244, 425, 1025, 826]",D:\scratchpad\suchi-textbook-work\output\images\fig_030_Fig_30_Prolific_growth_of_al.jpg,manual_recrop,ok,21,
38,31,Fig. 31. Gracilaria crassa on a rocky reef,"[1301, 424, 1040, 827]",D:\scratchpad\suchi-textbook-work\output\images\fig_031_Fig_31_Gracilaria_crassa_ona.jpg,manual_recrop,ok,22,Gracilaria crassa
38,33,"Fig. 32. Common sea weed, Turbinaria ornata","[546, 1424, 1488, 987]",D:\scratchpad\suchi-textbook-work\output\images\fig_033_Fig_33_I_v_asion_of_seaweed.jpg,manual_recrop,ok,23,Turbinaria ornata
39,34,"Fig. 34. Shallow water seaweed, Sargassum whitii","[274, 446, 1026, 659]",D:\scratchpad\suchi-textbook-work\output\images\fig_034_Fig_34_Shallow_water_seaweed.jpg,cv_layout,ok,24,Sargassum whitii
39,35,Fig. 35. Extensive patches of Gracilaria sp.,"[1333, 400, 1020, 713]",D:\scratchpad\suchi-textbook-work\output\images\fig_035_Fig_35_Extensive_patches_of.jpg,cv_layout,ok,25,Gracilaria sp.
39,37,"Fig. 37. Seagrass, Thalassia hemprichii","[635, 1249, 1367, 2047]",D:\scratchpad\suchi-textbook-work\output\images\fig_037_Fig_37_Seagrass_Thalassia_h.jpg,cv_layout,ok,26,Thalassia hemprichii
40,36,"Fig. 36. Seagrass, Cymodocea sp.","[482, 402, 1603, 920]",D:\scratchpad\suchi-textbook-work\output\images\fig_036_Fig_36_Sea_grass_Cymodocea.jpg,manual_recrop,ok,27,Cymodocea sp.
40,38,"Fig. 38. Seagrass, Enbalus acoroides","[483, 1406, 1606, 915]",D:\scratchpad\suchi-textbook-work\output\images\fig_038_Fig_38_Seagrass_Enbalus_aco.jpg,manual_recrop,deleted,28,
43,42,Fig. 42. An encrusted sponge on dead coral colony.,"[281, 404, 1024, 772]",D:\scratchpad\suchi-textbook-work\output\images\fig_042_Fig_42_An_encrusted_sponge_o.jpg,cv_layout,ok,29,
43,43,"Fig. 43. Shallow water sponge, Xestospongia sp.","[1349, 412, 1012, 767]",D:\scratchpad\suchi-textbook-work\output\images\fig_043_Fig_43_Shallow_water_sponge.jpg,cv_layout,ok,30,Xestospongia sp.
43,44,Fig. 44. Encrusted shallow water sponge Haliclona sp.,"[280, 1344, 1023, 840]",D:\scratchpad\suchi-textbook-work\output\images\fig_044_Fig_44_Encusted_shallow_wate.jpg,cv_layout,ok,31,Haliclona sp.
43,45,Fig. 45. Extensive growth of sponge.,"[1345, 1348, 1014, 836]",D:\scratchpad\suchi-textbook-work\output\images\fig_045_Fig_45_Extensive_growth_of_s.jpg,cv_layout,ok,32,
43,46,"Fig. 46. Cup-like sponge, Phyllospongia foliascens.","[283, 2395, 1022, 821]",D:\scratchpad\suchi-textbook-work\output\images\fig_046_Fig_46_Cup_like_sponge_Phyl.jpg,cv_layout,ok,33,Phyllospongia foliascens
43,47,"Fig. 47. A sponge, Haliclona sp., on coral rubble.","[1347, 2390, 1009, 826]",D:\scratchpad\suchi-textbook-work\output\images\fig_047_Fig_47_A_sponge_Halicona_sp.jpg,cv_layout,ok,34,Haliclona sp.
44,48,"Fig. 48. A beautiful barrel sponge, Xestospongia testudinaria","[241, 420, 1035, 814]",D:\scratchpad\suchi-textbook-work\output\images\fig_048_Fig_48_A_beautiful_barrel_sp.jpg,cv_layout,ok,35,Xestospongia testudinaria
44,49,"Fig. 49. Bright yellow sponge, Stylotella sp.","[1318, 410, 1038, 819]",D:\scratchpad\suchi-textbook-work\output\images\fig_049_Fig_49_Bright_yellow_sponge.jpg,cv_layout,ok,36,Stylotella sp.
44,50,"Fig. 50. Shallow reef sponge, Spirastrella inconstans","[244, 1385, 1032, 746]",D:\scratchpad\suchi-textbook-work\output\images\fig_050_Fig_50_Shallow_reef_spo_ge.jpg,cv_layout,ok,37,Spirastrella inconstans
44,51,"Fig. 51. Cluster of cup sponge, Phyllospongia lamellosa","[1315, 1386, 1041, 740]",D:\scratchpad\suchi-textbook-work\output\images\fig_051_Fig_51_Cluster_of_Cupsponge.jpg,cv_layout,ok,38,Phyllospongia lamellosa
44,52,"Fig. 52. Barrel sponge, Xestospongia exigua","[865, 2271, 864, 1088]",D:\scratchpad\suchi-textbook-work\output\images\fig_052_Fig_52_Barrel_sponge_Xestos.jpg,cv_layout,ok,39,Xestospongia exigua
46,55,"Fig. 55. Colony of Millepora sp., among hard coral colonies.","[251, 2458, 1035, 870]",D:\scratchpad\suchi-textbook-work\output\images\fig_055_Fig_55_Colony_of_Millepora_s.jpg,manual_recrop,ok,40,Millepora sp.
46,56,"Fig. 56. Massive colony of stinging coral, Millepora sp.","[1313, 2467, 1040, 866]",D:\scratchpad\suchi-textbook-work\output\images\fig_056_Fig_56_Stinging_coral_colony.jpg,manual_recrop,ok,41,Millepora sp.
47,57,Fig. 57. Oral view of a jellyfish.,"[287, 2384, 1020, 851]",D:\scratchpad\suchi-textbook-work\output\images\fig_057_Fig_57_Oral_view_of_a_jelly.jpg,manual_recrop,ok,42,
47,58,Fig. 58. Common jellyfish of the reefs.,"[1341, 2394, 1006, 816]",D:\scratchpad\suchi-textbook-work\output\images\fig_058_Fig_58_Common_jellyfish_of_t.jpg,manual_recrop,ok,43,
49,59,"Fig. 59. Sea anemone, Heteractis magnifica with clownfishes","[646, 1742, 1272, 709]",D:\scratchpad\suchi-textbook-work\output\images\fig_059_Fig_59_Sea_anemone_Heteract.jpg,cv_layout,ok,44,Heteractis magnifica
49,60,"Fig. 60. Sea anemone, Radianthus sp.","[649, 2550, 1269, 748]",D:\scratchpad\suchi-textbook-work\output\images\fig_060_Fig_60_Sea_anemone_Radian_h.jpg,cv_layout,ok,45,Radianthus sp.
50,62,"Fig. 62. Sea anemone, Stichodactylus sp. among coral colonies","[1322, 395, 1055, 790]",D:\scratchpad\suchi-textbook-work\output\images\fig_062_Fig_62_Seaanemone_Stychodact.jpg,cv_layout,ok,46,Stichodactylus sp.
50,61,"Fig. 61. Sea anemone, Heteractis magnifica in shallow water","[254, 403, 1046, 755]",D:\scratchpad\suchi-textbook-work\output\images\fig_061_Fig_61_Sea_anemone_Heteract.jpg,cv_layout,ok,47,Heteractis magnifica
50,63,"Fig. 63. Tube sea anemone, Cerianthus sp.","[458, 1294, 1619, 1029]",D:\scratchpad\suchi-textbook-work\output\images\fig_063_Fig_63_Tube_seaanemone_Ceri.jpg,cv_layout,ok,48,Cerianthus sp.
50,64,Fig. 64. Clown and damsel fishes associate with sea anemone,"[457, 2382, 1614, 989]",D:\scratchpad\suchi-textbook-work\output\images\fig_064_Fig_64_Clown_and_damsel_fish.jpg,cv_layout,ok,49,
52,68,Fig 68: Usually most of the corals grow in shallow waters...,"[332, 280, 1988, 783]",D:\scratchpad\suchi-textbook-work\output\images\fig_068_Fig_68_Usually_most_of_the_co.jpg,llm_fallback,deleted,50,
53,68,"Fig 68: Fig. 68. The limiting environmental factors of reef growth (after A.T. White, 1987)","[325, 94, 2037, 1457]",D:\scratchpad\suchi-textbook-work\output\images\fig_068_Fig_68_Fig_68_The_limiting.jpg,llm_fallback,deleted,51,
54,69,Fig. 69. Anatomy of a coral polyp,"[304, 427, 2071, 2042]",D:\scratchpad\suchi-textbook-work\output\images\fig_069_Fig_69_Anatomy_of_a_coral_po.jpg,manual_recrop,ok,52,
55,70,Fig. 70. Coral colonies with their associated fauna.,"[435, 2051, 1813, 1169]",D:\scratchpad\suchi-textbook-work\output\images\fig_070_Fig_70_Coral_colonies_with_i.jpg,cv_layout,ok,53,
56,71,Fig. 71. Thicket of Acropora aspera,"[134, 279, 2367, 3204]",D:\scratchpad\suchi-textbook-work\output\images\fig_071_Fig_71_Thicket_of_Acropora_a.jpg,llm_fallback,ok,54,Acropora aspera
57,74,Fig. 74. Pocilopora eydouxi growing along with Porites sp.,"[538, 379, 1587, 929]",D:\scratchpad\suchi-textbook-work\output\images\fig_074_Fig_74_Pocilopora_eydouxi_gr.jpg,cv_layout,ok,55,Pocillopora eydouxi
57,75,Fig. 75. Close view of Pocillopora eydouxi,"[540, 1386, 1585, 918]",D:\scratchpad\suchi-textbook-work\output\images\fig_075_Fig_75_Close_view_of_PociJop.jpg,cv_layout,ok,56,Pocillopora eydouxi
57,76,Fig. 76. Irregularly grown Acropora sp.,"[539, 2377, 1586, 947]",D:\scratchpad\suchi-textbook-work\output\images\fig_076_Fig_76_Irregularly_grown_Acr.jpg,cv_layout,ok,57,Acropora sp.
59,80,"Fig. 80. Common shallow coral, Seriatopora hystrix","[526, 345, 1571, 927]",D:\scratchpad\suchi-textbook-work\output\images\fig_080_Fig_80_Common_shallow_coral.jpg,manual_recrop,ok,58,Seriatopora hystrix
59,81,Fig. 81. Acropora digitifera in shallow waters,"[527, 1364, 1575, 904]",D:\scratchpad\suchi-textbook-work\output\images\fig_081_Fig_81_Acropora_digitifera_I.jpg,manual_recrop,ok,59,Acropora digitifera
60,83,Fig. 83. Small colony of Acropora humilis,"[508, 400, 1597, 929]",D:\scratchpad\suchi-textbook-work\output\images\fig_083_Fig_83_Small_colony_of_Acrop.jpg,manual_recrop,ok,60,Acropora humilis
60,84,"Fig. 84. Plate coral, Acropora granulosa","[506, 1421, 1600, 929]",D:\scratchpad\suchi-textbook-work\output\images\fig_084_Fig_84_Plate_coral_Acropora.jpg,manual_recrop,ok,61,Acropora granulosa
61,86,"Fig. 86. Digitate coral plate, Acropora nasuta","[491, 350, 1586, 934]",D:\scratchpad\suchi-textbook-work\output\images\fig_086_Fig_86_Digitate_coral_plate.jpg,cv_layout,ok,62,Acropora nasuta
61,87,"Fig. 87. Branching coral, Acropora sp.","[492, 1367, 1585, 913]",D:\scratchpad\suchi-textbook-work\output\images\fig_087_Fig_87_Branching_coral_Acro.jpg,cv_layout,ok,63,Acropora sp.
61,88,"Fig. 88. Robust branched coral, Acropora palifera","[497, 2360, 1582, 939]",D:\scratchpad\suchi-textbook-work\output\images\fig_088_Fig_88_Robust_branched_cora.jpg,cv_layout,ok,64,Acropora palifera
62,89,Fig. 89. Young colony of Acropora robusta,"[493, 364, 1632, 949]",D:\scratchpad\suchi-textbook-work\output\images\fig_089_Fig_89_Young_colony_of_Acro.jpg,cv_layout,ok,65,Acropora robusta
62,90,Fig. 90. A close view of Acropora digitifera,"[516, 1390, 1601, 939]",D:\scratchpad\suchi-textbook-work\output\images\fig_090_Fig_90_A_close_view_of_Acr.jpg,cv_layout,ok,66,Acropora digitifera
62,91,Fig. 91. Branching coral colonies of Acropora samoensis,"[507, 2427, 1608, 934]",D:\scratchpad\suchi-textbook-work\output\images\fig_091_Fig_91_Branching_oral_colo.jpg,cv_layout,ok,67,Acropora samoensis
63,92,Fig. 92. Robust branches of Acropora sp.,"[492, 340, 1585, 929]",D:\scratchpad\suchi-textbook-work\output\images\fig_092_Fig_92_Robust_branches_of_Ac.jpg,cv_layout,ok,68,Acropora sp.
63,93,Fig. 93. Colony of Acropora aspera,"[492, 1367, 1585, 920]",D:\scratchpad\suchi-textbook-work\output\images\fig_093_Fig_93_Colony_of_Acropora.jpg,cv_layout,ok,69,Acropora aspera
63,94,Fig. 94. Acropora sp. overgrowing on Acropora hyacinthus,"[493, 2373, 1581, 918]",D:\scratchpad\suchi-textbook-work\output\images\fig_094_Fig_94_Acroporc1_n_ov_rg.jpg,cv_layout,ok,70,Acropora hyacinthus
64,96,Fig. 96. Reef fish hovering on Acropora austera.,"[500, 1423, 1603, 932]",D:\scratchpad\suchi-textbook-work\output\images\fig_096_Fig_96_Reef_fish_hovering.jpg,manual_recrop,ok,71,Acropora austera
64,97,Fig. 97. Colonies of diverse Acropora species.,"[500, 2447, 1600, 935]",D:\scratchpad\suchi-textbook-work\output\images\fig_097_Fig_97_Colonies_of_diverse.jpg,manual_recrop,ok,72,Acropora sp.
65,98,Fig. 98. Massive Oulophyllia crispa (Lamarck) and Leptoria phrygia,"[553, 380, 1584, 924]",D:\scratchpad\suchi-textbook-work\output\images\fig_098_Fig_98_Massive_Oulophyllia_c.jpg,cv_layout,ok,73,Oulophyllia crispa
65,99,Fig. 99. Encrusted form of Echinopora lamellosa,"[552, 1428, 1586, 888]",D:\scratchpad\suchi-textbook-work\output\images\fig_099_Fig_99_Encrusted_form_of_Ech.jpg,cv_layout,ok,74,Echinopora lamellosa
65,100,Fig. 100. Acropora sp. and Porites sp. colonies,"[554, 2401, 1586, 930]",D:\scratchpad\suchi-textbook-work\output\images\fig_100_Fig_100_Acropora_sp_and_Pori.jpg,cv_layout,ok,75,Acropora sp.
66,101,"Fig. 101. Foliaceous coral, Montipora aequituberculata","[464, 397, 1632, 932]",D:\scratchpad\suchi-textbook-work\output\images\fig_101_Fig_101_Foliaceous_coral_Mo.jpg,manual_recrop,ok,76,Montipora aequituberculata
66,103,"Fig. 103. Massive coral, Favia matthaii","[469, 2396, 1624, 991]",D:\scratchpad\suchi-textbook-work\output\images\fig_103_Fig_103_Massive_coral_Favia.jpg,manual_recrop,ok,77,Favia matthaii
67,104,"Fig. 104. Massive coral, Favia favus","[521, 383, 1581, 918]",D:\scratchpad\suchi-textbook-work\output\images\fig_104_Fig_104_Massive_coral_Favia.jpg,manual_recrop,ok,78,Favia favus
67,105,"Fig. 105. Massive coral, Favia halicora","[526, 1399, 1570, 902]",D:\scratchpad\suchi-textbook-work\output\images\fig_105_Fig_105_Massive_coral_Favia.jpg,manual_recrop,ok,79,Favia halicora
70,113,Fig. 113. Massive colony of Leptoria phrygia,"[516, 406, 1608, 939]",D:\scratchpad\suchi-textbook-work\output\images\fig_113_r_Fig_113_M.jpg,cv_layout,ok,80,Leptoria phrygia
70,114,"Fig. 114. Brain coral, Lobophyllia corymbosa","[517, 1437, 1611, 947]",D:\scratchpad\suchi-textbook-work\output\images\fig_001_Fig_1_4_Brain_coral_Lobophy.jpg,cv_layout,ok,81,Lobophyllia corymbosa
70,115,"Fig. 115. Beautiful, encrusted coral, Merulina ampliata","[532, 2465, 1603, 938]",D:\scratchpad\suchi-textbook-work\output\images\fig_115_Fig_115_Beautiful_encrusted.jpg,cv_layout,ok,82,Merulina ampliata
71,116,Fig. 116. Colony of Montastrea sp.,"[569, 378, 1583, 931]",D:\scratchpad\suchi-textbook-work\output\images\fig_116_Fig_116_Colony_of_Montastre.jpg,cv_layout,ok,83,Montastrea sp.
71,117,Fig. 117. Encrusted colony of Cyphastrea sp.,"[565, 1384, 1585, 931]",D:\scratchpad\suchi-textbook-work\output\images\fig_117_Fig_117_Encrusted_clony_of_C.jpg,cv_layout,ok,84,Cyphastrea sp.
71,118,Fig. 118. Curly plates of Montipora aequituberculata.,"[571, 2392, 1579, 931]",D:\scratchpad\suchi-textbook-work\output\images\fig_118_Fig_118_Curly_plates_of_MQn.jpg,cv_layout,ok,85,Montipora aequituberculata
72,119,Fig. 119. Foliaceous growth of Montipora sp.,"[506, 393, 1619, 953]",D:\scratchpad\suchi-textbook-work\output\images\fig_119_Fig_119_Foliaceous_growth_of.jpg,cv_layout,ok,86,Montipora sp.
72,120,Fig. 120. Colony of Montipora sp.,"[511, 1415, 1614, 964]",D:\scratchpad\suchi-textbook-work\output\images\fig_120_Fig_120_Colony_of_Montipora.jpg,cv_layout,ok,87,Montipora sp.
72,121,Fig. 121. Brain coral Symphyllia sp.,"[516, 2451, 1605, 944]",D:\scratchpad\suchi-textbook-work\output\images\fig_121_Fig_121_Brain_coral_Symphyll.jpg,cv_layout,ok,88,Symphyllia sp.
73,122,Fig. 122. Encrusted Pachyseries sp.,"[555, 399, 1573, 903]",D:\scratchpad\suchi-textbook-work\output\images\fig_122_Fig_122_Encrusted_PachY_erie.jpg,manual_recrop,ok,89,Pachyseries sp.
73,123,Fig. 123. Pectinia paeonia,"[554, 1398, 1576, 908]",D:\scratchpad\suchi-textbook-work\output\images\fig_123_Fig_123_Pectinia_paeonia.jpg,manual_recrop,ok,90,Pectinia paeonia
74,125,Fig. 125. Massive colony of Platygyra sinensis,"[530, 394, 1598, 976]",D:\scratchpad\suchi-textbook-work\output\images\fig_125_Fig_125_Massive_colony_of_Pl.jpg,manual_recrop,ok,91,Platygyra sinensis
74,127,Fig. 127. Pleurogyra sp. with expanded polyps,"[530, 2421, 1590, 942]",D:\scratchpad\suchi-textbook-work\output\images\fig_127_Fig_127_Pleurogyra_sp_with.jpg,manual_recrop,ok,92,Pleurogyra sp.
75,128,Fig. 128. Goniopora sp. colony with expanded polyps,"[517, 343, 1584, 933]",D:\scratchpad\suchi-textbook-work\output\images\fig_128_Fig_128_Goniopora_sp_colon.jpg,cv_layout,ok,93,Goniopora sp.
75,129,Fig. 129. Common coral Pocillopora verrucosa,"[511, 1350, 1588, 989]",D:\scratchpad\suchi-textbook-work\output\images\fig_129_Fig_129_Oommon_coral_Pocillo.jpg,cv_layout,ok,94,Pocillopora verrucosa
75,130,Fig. 130. Pocillopora damicornis,"[518, 2419, 1580, 868]",D:\scratchpad\suchi-textbook-work\output\images\fig_130_Fig_130_Pocl1_opora_danicorn.jpg,cv_layout,ok,95,Pocillopora damicornis
76,131,Fig. 131. Pavona decussata,"[534, 371, 1615, 962]",D:\scratchpad\suchi-textbook-work\output\images\fig_131_Fig_131_Pavona_decussata.jpg,cv_layout,ok,96,Pavona decussata
76,132,"Fig. 132. Shallow massive coral, Porites murrayensis","[535, 1396, 1614, 956]",D:\scratchpad\suchi-textbook-work\output\images\fig_132_Fig_132_Shallow_massive_cora.jpg,cv_layout,ok,97,Porites murrayensis
76,133,Fig. 133. Stylophora pistillata,"[538, 2422, 1611, 959]",D:\scratchpad\suchi-textbook-work\output\images\fig_133_Fig_133_Stylophora_pistillat.jpg,cv_layout,ok,98,Stylophora pistillata
77,134,"Fig. 134. Encrusted coral, Leptoseris sp.","[546, 393, 1573, 928]",D:\scratchpad\suchi-textbook-work\output\images\fig_134_Fig_134_Encrusted_coral_Lep.jpg,manual_recrop,ok,99,Leptoseris sp.
77,136,"Fig. 136. Brain coral, Symphyllia radians","[551, 2417, 1568, 902]",D:\scratchpad\suchi-textbook-work\output\images\fig_136_Fig_136_Brain_coral_SymphyJ.jpg,manual_recrop,ok,100,Symphyllia radians
78,137,Fig. 137. Colony of Symphyllia recta,"[296, 412, 2117, 1279]",D:\scratchpad\suchi-textbook-work\output\images\fig_137_Fig_137_Colony_of_Symphyllia.jpg,cv_layout,ok,101,Symphyllia recta
78,138,Fig. 138. Colony of Tubastrea aurea,"[291, 1788, 2118, 1559]",D:\scratchpad\suchi-textbook-work\output\images\fig_138_Fig_138_Colony_of_Tubastrea.jpg,cv_layout,ok,102,Tubastrea aurea
80,139,Fig. 139. Soft coral Lobophytum sp. on reef slope.,"[253, 2014, 2116, 1345]",D:\scratchpad\suchi-textbook-work\output\images\fig_139_Fig_139_Soft_coral_Lobophy.jpg,cv_layout,ok,103,Lobophytum sp.
81,140,Fig. 140. Colony of Sarcophyton sp. with expanded polyps,"[554, 410, 1581, 931]",D:\scratchpad\suchi-textbook-work\output\images\fig_140_Fig_140_Colony_of_Sarcophyto.jpg,cv_layout,ok,104,Sarcophyton sp.
81,141,Fig. 141. Sarcophyton ehrenbergi colonies on reef slope,"[553, 1416, 1582, 938]",D:\scratchpad\suchi-textbook-work\output\images\fig_141_Fig_141_Sarcophyton_ehrenber.jpg,cv_layout,ok,105,Sarcophyton ehrenbergi
81,142,Fig. 142. Extensive patches of Sinularia gibberosa,"[554, 2434, 1583, 914]",D:\scratchpad\suchi-textbook-work\output\images\fig_142_Fig_142_Extensive_patches_of.jpg,cv_layout,ok,106,Sinularia gibberosa
82,143,Fig. 143. Sinularia sp. on coral rocks,"[553, 425, 1598, 922]",D:\scratchpad\suchi-textbook-work\output\images\fig_143_Fig_143_Sinularia_sp_on_cor.jpg,manual_recrop,ok,107,Sinularia sp.
82,145,Fig. 145. Invasion of Lobophytum crassum in shallow waters,"[555, 2455, 1593, 933]",D:\scratchpad\suchi-textbook-work\output\images\fig_145_Fig_145_Invasion_of_Lobophyt.jpg,manual_recrop,ok,108,Lobophytum crassum
83,46,Fig. 46. Prolific growth of Sarcophyton infundibuliforme.,"[505, 358, 1590, 948]",D:\scratchpad\suchi-textbook-work\output\images\fig_046_Fig_46_Prolific_growth_of_Sa.jpg,cv_layout,ok,109,Sarcophyton infundibuliforme
83,147,Fig. 147. Encrusted form of Sinularia sp.,"[507, 1366, 1587, 932]",D:\scratchpad\suchi-textbook-work\output\images\fig_147_Fig_147_Encrusted_form_of_Si.jpg,cv_layout,ok,110,Sinularia sp.
83,148,"Fig. 148. Soft coral, Cladiella australis colony.","[514, 2370, 1578, 934]",D:\scratchpad\suchi-textbook-work\output\images\fig_148_Fig_148_Soft_coral_Cladiel.jpg,cv_layout,ok,111,Cladiella australis
85,152,"Fig. 152. Soft coral, Capnella parva, in intertidal waters.","[494, 406, 1583, 932]",D:\scratchpad\suchi-textbook-work\output\images\fig_152_Fig_152_Soft_coral_CapneJJa.jpg,cv_layout,ok,112,Capnella parva
85,153,Fig. 153. Lobophytum sp. growing among hard corals.,"[494, 1427, 1581, 934]",D:\scratchpad\suchi-textbook-work\output\images\fig_053_Fig_53_Lobophytum_sp_growin.jpg,cv_layout,ok,113,Lobophytum sp.
85,154,"Fig. 154. Soft coral, Dendronephthya sp.","[499, 2438, 1578, 913]",D:\scratchpad\suchi-textbook-work\output\images\fig_154_Fig_154_Soft_coral_Dend_on.jpg,cv_layout,ok,114,Dendronephthya sp.
86,155,Fig. 155. Nephthea sp. on reef slope.,"[292, 447, 2071, 949]",D:\scratchpad\suchi-textbook-work\output\images\fig_155_Fig_155_Nephthea_sp_on_reef.jpg,cv_layout,ok,115,Nephthea sp.
86,156,Fig. 156. Brilliant red Nephthea sp.,"[732, 1484, 1189, 1872]",D:\scratchpad\suchi-textbook-work\output\images\fig_156_Fig_156_Brilliant_red_Nephth.jpg,cv_layout,ok,116,Nephthea sp.
87,157,Fig. 157. A gorgonian colony on reef slope.,"[337, 384, 2034, 1218]",D:\scratchpad\suchi-textbook-work\output\images\fig_157_Fig_157_A_gorgon_an_colony.jpg,manual_recrop,ok,117,
88,159,"Fig. 159. Seafan, species of Plexauridae.","[651, 391, 1306, 1739]",D:\scratchpad\suchi-textbook-work\output\images\fig_159_Fig_159_Seafan_species_of.jpg,cv_layout,ok,118,Plexauridae sp.
88,160,"Fig. 160. Seafan, species of Subergorgia.","[453, 2213, 1612, 1170]",D:\scratchpad\suchi-textbook-work\output\images\fig_160_Fig_160_Seafan_species_of.jpg,cv_layout,ok,119,Subergorgia sp.
89,161,Fig. 161. A deep-water gorgonian species.,"[479, 390, 1568, 1100]",D:\scratchpad\suchi-textbook-work\output\images\fig_161_Fig_161_A_deep_water_gorgoni.jpg,manual_recrop,ok,120,
90,163,"Fig. 163. Whip coral, Juncella sp. and bivalve, Spondylus sp.","[464, 382, 1629, 2008]",D:\scratchpad\suchi-textbook-work\output\images\fig_163_Fig_163_Whip_coral_Juncella.jpg,cv_layout,ok,121,Juncella sp.
90,164,"Fig. 164. A whip coral on reef slope, Juncella sp.","[485, 2470, 1606, 913]",D:\scratchpad\suchi-textbook-work\output\images\fig_164_Fig_164_A_whip_coral_on_reef.jpg,cv_layout,ok,122,Juncella sp.
92,165,"Fig. 165. Tube dwelling polychaetes, Sabella melanostigma","[238, 1492, 1038, 653]",D:\scratchpad\suchi-textbook-work\output\images\fig_165_Fig_165_Tube_dwelling_polych.jpg,cv_layout,ok,123,Sabella melanostigma
92,166,"Fig. 166. Porites coral with Christmas tree worms, Spirobranchus giganteus","[1310, 1485, 1040, 650]",D:\scratchpad\suchi-textbook-work\output\images\fig_166_Fig_166_Porites_coral_with.jpg,cv_layout,ok,124,Spirobranchus giganteus
92,167,"Fig. 167. Polychaete worm, Nereis sp. among gooseneck barnacles","[514, 2290, 1565, 1083]",D:\scratchpad\suchi-textbook-work\output\images\fig_016_Fig_16_7_Polychaete_worm.jpg,cv_layout,ok,125,Nereis sp.
94,168,Fig. 168. Flatworm of coral rubble areas.,"[319, 1638, 1013, 599]",D:\scratchpad\suchi-textbook-work\output\images\fig_168_Fig_168_Flatworm_of_coral.jpg,manual_recrop,ok,126,
94,169,Fig. 169. Common flatworm of silty reef areas.,"[1380, 1626, 1034, 615]",D:\scratchpad\suchi-textbook-work\output\images\fig_169_Fig_169_Common_Flatworm_of_s.jpg,manual_recrop,ok,127,
96,174,"Fig. 174. Shallow reef lobster, Panulirus versicolor","[318, 2052, 1006, 1282]",D:\scratchpad\suchi-textbook-work\output\images\fig_174_Fig_174_Reef_lobster_Panuli.jpg,manual_recrop,ok,128,Panulirus versicolor
97,175,"Fig. 175. Reef lobster, Panulirus sp.","[303, 338, 1012, 651]",D:\scratchpad\suchi-textbook-work\output\images\fig_175_Fig_175_Reef_lobser_PanuUru.jpg,manual_recrop,ok,129,Panulirus sp.
97,176,"Fig. 176. Slipper lobster, Thenus orientalis","[1361, 345, 1004, 656]",D:\scratchpad\suchi-textbook-work\output\images\fig_176_Fig_176_Slipper_lobster_The.jpg,manual_recrop,ok,130,Thenus orientalis
98,179,"Fig. 179. Small reef crab, Area septemspinosa","[270, 2601, 1010, 661]",D:\scratchpad\suchi-textbook-work\output\images\fig_179_Fig_179_Fig_179_Sillall_r.jpg,manual_recrop,ok,131,Area septemspinosa
99,182,"Fig. 182. Reef crab, Carpilus convexus","[1331, 394, 1018, 671]",D:\scratchpad\suchi-textbook-work\output\images\fig_182_Fig_182_Reef_crab_Carpilus.jpg,manual_recrop,ok,132,Carpilus convexus
99,183,"Fig. 183. Poisonous reef crab, Carpilus maculatus","[283, 1456, 986, 610]",D:\scratchpad\suchi-textbook-work\output\images\fig_183_Fig_183_Poisonous_reef_crab.jpg,manual_recrop,ok,133,Carpilus maculatus
99,84,"Fig. 184. Swimmer crab, Charybdis sp.","[1339, 1470, 1017, 593]",D:\scratchpad\suchi-textbook-work\output\images\fig_084_Fig_84_Swimmer_crab_Charybd.jpg,manual_recrop,ok,134,Charybdis sp.
99,186,"Fig. 186. Shallow reef crab, Atergatis floridus","[1362, 2502, 989, 685]",D:\scratchpad\suchi-textbook-work\output\images\fig_186_Fig_186_Shallow_reef_crab_A.jpg,manual_recrop,ok,135,Atergatis floridus
100,187,"Fig. 187. Common reef crab, Pilodius pugil","[257, 405, 1025, 740]",D:\scratchpad\suchi-textbook-work\output\images\fig_187_Fig_187_Common_reef_crab_Pi.jpg,manual_recrop,ok,136,Pilodius pugil
100,189,"Fig. 189. Pelagic crab of rocky reefs, Grapsus grapsus","[251, 1475, 1029, 679]",D:\scratchpad\suchi-textbook-work\output\images\fig_189_Fig_1_89_Pelagic_crab_of_ock.jpg,manual_recrop,ok,137,Grapsus grapsus
100,190,"Fig. 190. Shallow reef crab, Leptodius exaratus","[1421, 1497, 916, 640]",D:\scratchpad\suchi-textbook-work\output\images\fig_090_Fig_90_Shallow_reef_crab_Le.jpg,manual_recrop,ok,138,Leptodius exaratus
100,191,Fig. 191. Matuta planipes found in weedy areas,"[261, 2554, 1004, 670]",D:\scratchpad\suchi-textbook-work\output\images\fig_191_Fig_191_Matuta_planipes_foun.jpg,manual_recrop,ok,139,Matuta planipes
100,192,"Fig. 192. Common reef crab, Matuta lunaris","[1323, 2549, 1025, 691]",D:\scratchpad\suchi-textbook-work\output\images\fig_092_Fig_92_Common_reef_crab_Mat.jpg,manual_recrop,ok,140,Matuta lunaris
101,93,"Fig. 93. Mudcrab, Scylla serrata","[269, 362, 1013, 591]",D:\scratchpad\suchi-textbook-work\output\images\fig_093_Fig_93_Mudcrab_Scylla_serra.jpg,manual_recrop,ok,141,Scylla serrata
101,194,"Fig. 194. Ghost crab of muddy reef areas, Ocypode ceratophthalma","[1327, 372, 1006, 558]",D:\scratchpad\suchi-textbook-work\output\images\fig_194_Fig_194_Ghost_crab_of_muddy.jpg,manual_recrop,ok,142,Ocypode ceratophthalma
101,195,"Fig. 195. Crab of sandy-mud reefs, Ocypode macrocera","[295, 1107, 980, 639]",D:\scratchpad\suchi-textbook-work\output\images\fig_195_Fig_195_Crab_of_sandy_mud_r1.jpg,manual_recrop,ok,143,Ocypode macrocera
101,196,"Fig. 196. Ocypode crab, Ocypode sp.","[1328, 1102, 1013, 811]",D:\scratchpad\suchi-textbook-work\output\images\fig_196_Fig_196_Ocypode_crab_Ocypod.jpg,manual_recrop,ok,144,Ocypode sp.
101,198,"Fig. 198. Shallow pelagic crab, Portunus sanguinolentus","[1337, 2266, 998, 916]",D:\scratchpad\suchi-textbook-work\output\images\fig_198_Fig_198_Sha_low_pelagic_crab.jpg,manual_recrop,ok,145,Portunus sanguinolentus
101,199,"Fig. 199. Swimmer crab, Charybdis feriatus","[272, 2665, 1008, 567]",D:\scratchpad\suchi-textbook-work\output\images\fig_199_Fig_199_Swimmer_crab_Charyb.jpg,manual_recrop,ok,146,Charybdis feriatus
102,200,Fig. 200. Porcelain crab,"[257, 363, 1037, 618]",D:\scratchpad\suchi-textbook-work\output\images\fig_200_Fig_200_Porcelain_crab.jpg,cv_layout,ok,147,
102,201,"Fig. 201. Reef crab, Thalamita sp.","[1332, 348, 1035, 639]",D:\scratchpad\suchi-textbook-work\output\images\fig_201_Fig_201_Reef_crab_Thalamita.jpg,cv_layout,ok,148,Thalamita sp.
102,202,"Fig. 202. Reef crab, Trapezia formosa","[257, 1099, 840, 744]",D:\scratchpad\suchi-textbook-work\output\images\fig_202_Fig_202_Reef_crab_Trapezi.jpg,cv_layout,ok,149,Trapezia formosa
102,203,"Fig. 203. Common reef crab, Trapezia cymodoce","[1400, 1068, 969, 767]",D:\scratchpad\suchi-textbook-work\output\images\fig_203_Fig_203_Common_reef_crab_Tr.jpg,cv_layout,ok,150,Trapezia cymodoce
102,204,"Fig. 204. Rocky shore crab, Grapsus sp.","[262, 1980, 1033, 641]",D:\scratchpad\suchi-textbook-work\output\images\fig_204_Fig_204_Rocky_shore_crab_Gr.jpg,cv_layout,ok,151,Grapsus sp.
102,205,"Fig. 205. Decorator crab, Composcia retusa","[1333, 1972, 1044, 646]",D:\scratchpad\suchi-textbook-work\output\images\fig_200_Fig_200S_Decorator_crab_Comp.jpg,cv_layout,ok,152,Composcia retusa
102,206,"Fig. 206. Common coral crab, Etisus dentatus","[267, 2722, 892, 629]",D:\scratchpad\suchi-textbook-work\output\images\fig_206_Fig_206_Common_coral_crab_E.jpg,cv_layout,ok,153,Etisus dentatus
102,207,"Fig. 207. Reef crab, Etisus sp.","[1334, 2720, 1040, 642]",D:\scratchpad\suchi-textbook-work\output\images\fig_002_Fig_2_07_Reef_crab_Etisu.jpg,cv_layout,ok,154,Etisus sp.
104,208,"Fig. 208. Hermit crab out of shell, Dardanus megistos","[272, 665, 980, 1224]",D:\scratchpad\suchi-textbook-work\output\images\fig_208_Fig_208_Hermit_crab_out_of.jpg,manual_recrop,ok,155,Dardanus megistos
104,209,"Fig. 209. Hermit crab, Clibanarius sp.","[1390, 693, 900, 512]",D:\scratchpad\suchi-textbook-work\output\images\fig_209_Fig_209_Hermit_crab_Clibana.jpg,manual_recrop,ok,156,Clibanarius sp.
104,210,"Fig. 210. Mantid shrimp, Heterosquilla spinosa","[330, 2129, 594, 1100]",D:\scratchpad\suchi-textbook-work\output\images\fig_210_Fig_210_Mantid_shrimp_Het.jpg,manual_recrop,ok,157,Heterosquilla spinosa
104,212,"Fig. 212. Mantis shrimp, Oratosquilla sp.","[1186, 2228, 1210, 506]",D:\scratchpad\suchi-textbook-work\output\images\fig_212_Fig_212_Mantis_shrimp_Orato.jpg,manual_recrop,ok,158,Oratosquilla sp.
104,213,"Fig. 213. Green squilla, Squilla sp.","[1163, 2907, 1157, 404]",D:\scratchpad\suchi-textbook-work\output\images\fig_213_Fig_213_Green_squil_a_Squil.jpg,manual_recrop,recropped,159,Squilla sp.
105,214,"Fig. 214. Mantis shrimp of coral rubble, Squilla sp.","[273, 328, 861, 1286]",D:\scratchpad\suchi-textbook-work\output\images\fig_214_Fig_214_Mantis_shrimp_of_co.jpg,manual_recrop,ok,160,Squilla sp.
105,215,"Fig. 215. Banded mantis shrimp, Lysiosquilla maculata","[1471, 338, 855, 1288]",D:\scratchpad\suchi-textbook-work\output\images\fig_215_Fig_215_Banded_mantis_shrim.jpg,manual_recrop,ok,161,Lysiosquilla maculata
105,217,"Fig. 217. Acorn barnacles, Tetraclita sp.","[1328, 1813, 1005, 640]",D:\scratchpad\suchi-textbook-work\output\images\fig_217_Fig_217_Acorn_Barnacles_Tet.jpg,manual_recrop,ok,162,Tetraclita sp.
105,218,"Fig. 218. Gooseneck barnacles, Lepas sp.","[267, 2609, 1014, 611]",D:\scratchpad\suchi-textbook-work\output\images\fig_218_Fig_218_Gooseneck_barnacles.jpg,manual_recrop,ok,163,Lepas sp.
105,219,Fig. 219. Parasitic isopods on reef associate scombrid fish.,"[1327, 2615, 1000, 600]",D:\scratchpad\suchi-textbook-work\output\images\fig_219_Fig_219_Parasitic_isopods_on.jpg,manual_recrop,ok,164,
107,220,"Fig. 220. Turban shell, Turbo marmoratus","[281, 352, 555, 730]",D:\scratchpad\suchi-textbook-work\output\images\fig_220_Fig_220_Turban_shell_Turbo.jpg,manual_recrop,ok,165,Turbo marmoratus
107,221,"Fig. 221. Topshell, Trochus niloticus","[930, 357, 755, 724]",D:\scratchpad\suchi-textbook-work\output\images\fig_221_Fig_221_Topshell_Trochus_ni.jpg,manual_recrop,ok,166,Trochus niloticus
107,222,"Fig. 222. Common tigercowry, Cypraea tigris","[1781, 353, 507, 736]",D:\scratchpad\suchi-textbook-work\output\images\fig_222_Fig_222_Common_tigercowry_C.jpg,manual_recrop,ok,167,Cypraea tigris
107,223,"Fig. 223. Deer Cowry, Cypraea vitellus","[285, 1267, 1003, 633]",D:\scratchpad\suchi-textbook-work\output\images\fig_223_Fig_223_Deer_Cowry_Cypraea.jpg,manual_recrop,ok,168,Cypraea vitellus
107,224,"Fig. 224. Lynx Cowry, Cypraea lynx","[1337, 1271, 992, 626]",D:\scratchpad\suchi-textbook-work\output\images\fig_224_Fig_224_Lynx_Cowry_Cypraea.jpg,manual_recrop,ok,169,Cypraea lynx
107,225,"Fig. 225. Carnelian Cowry, Cypraea carneola","[281, 2019, 1008, 576]",D:\scratchpad\suchi-textbook-work\output\images\fig_225_Fig_225_Carnelian_Cowry_Cyp.jpg,manual_recrop,ok,170,Cypraea carneola
107,226,"Fig. 226. Arabic Cowry, Cypraea arabica","[1356, 2029, 989, 586]",D:\scratchpad\suchi-textbook-work\output\images\fig_226_Fig_226_Arabic_Cowry_Cyprae.jpg,manual_recrop,ok,171,Cypraea arabica
107,227,"Fig. 227. Money cowry, Cypraea annulus","[289, 2730, 1000, 562]",D:\scratchpad\suchi-textbook-work\output\images\fig_227_Fig_227_Money_cowry_Cypraea.jpg,manual_recrop,ok,172,Cypraea annulus
107,228,"Fig. 228. Money cowry, Cypraea talpa","[1395, 2731, 944, 555]",D:\scratchpad\suchi-textbook-work\output\images\fig_228_Fig_228_Money_cowry_Cypraea.jpg,manual_recrop,ok,173,Cypraea talpa
108,230,Fig. 230. Variety of cowries on reef,"[1349, 390, 1033, 610]",D:\scratchpad\suchi-textbook-work\output\images\fig_230_Fig_230_Variety_of_cowries_o.jpg,manual_recrop,ok,174,
108,231,"Fig. 231. Coneshell on dead coral rock, Conus sp.","[277, 1139, 1007, 623]",D:\scratchpad\suchi-textbook-work\output\images\fig_231_Fig_231_Coneshell_on_dead_co.jpg,manual_recrop,ok,175,Conus sp.
108,232,"Fig. 232. Cowry shell, Cypraea sp.","[1379, 1137, 1000, 626]",D:\scratchpad\suchi-textbook-work\output\images\fig_232_Fig_232_Cowry_shell_Cypraea.jpg,manual_recrop,ok,176,Cypraea sp.
108,234,"Fig. 234. Cowry, Cypraea sp.","[281, 1969, 992, 599]",D:\scratchpad\suchi-textbook-work\output\images\fig_234_Fig_234_Cowry_Cypria_sp.jpg,manual_recrop,ok,177,Cypraea sp.
108,235,"Fig. 235. Reef abalone shell, Haliotis asinina","[1347, 1972, 1032, 596]",D:\scratchpad\suchi-textbook-work\output\images\fig_235_Fig_235_Reef_abalone_shell.jpg,manual_recrop,ok,178,Haliotis asinina
108,236,"Fig. 236. Scorpion shells, Lambis chiragra","[290, 2748, 1003, 571]",D:\scratchpad\suchi-textbook-work\output\images\fig_236_Fig_236_Scorpion_shells_Lam.jpg,manual_recrop,ok,179,Lambis chiragra
108,237,"Fig. 237. Common spider shell, Lambis truncata","[1347, 2751, 1026, 571]",D:\scratchpad\suchi-textbook-work\output\images\fig_237_Fig_237_Common_spidor_shell.jpg,manual_recrop,ok,180,Lambis truncata
109,238,"Fig. 238. Scorpion conch, Lambis scorpinus","[300, 438, 912, 469]",D:\scratchpad\suchi-textbook-work\output\images\fig_238_Fig_238_Scorpion_conch_Lamb.jpg,cv_layout,ok,181,Lambis scorpinus
109,239,"Fig. 239. Rare reef gastropod, Mitra mitra","[1236, 403, 1105, 507]",D:\scratchpad\suchi-textbook-work\output\images\fig_239_Fig_239_Rare_reef_gastropod.jpg,cv_layout,ok,182,Mitra mitra
109,240,"Fig. 240. Nerite shells of rocky reefs, Nerita costata","[264, 1103, 991, 696]",D:\scratchpad\suchi-textbook-work\output\images\fig_240_Fig_240_N_erite_shells_of_ro.jpg,cv_layout,ok,183,Nerita costata
109,241,Fig. 241. Thais tuberosa,"[1431, 1109, 917, 696]",D:\scratchpad\suchi-textbook-work\output\images\fig_241_Fig_241_Th_ais_tuberosa.jpg,cv_layout,ok,184,Thais tuberosa
109,242,"Fig. 242. Egg cowry, Ovula ovum","[427, 2070, 712, 449]",D:\scratchpad\suchi-textbook-work\output\images\fig_242_Fig_242_Egg_cowry_Ovula_o.jpg,cv_layout,ok,185,Ovula ovum
109,243,"Fig. 243. Olive Dog whelk, Nassarius pullus","[1498, 2003, 747, 583]",D:\scratchpad\suchi-textbook-work\output\images\fig_243_Fig_243_Olive_Dog_whelk_Nas.jpg,cv_layout,ok,186,Nassarius pullus
109,244,"Fig. 244. Musicana Auger-shell, Terebra areolata","[277, 2810, 1137, 429]",D:\scratchpad\suchi-textbook-work\output\images\fig_244_Fig_244_Musicana_Agurshell.jpg,cv_layout,ok,187,Terebra areolata
109,245,"Fig. 245. Spindle shell, Fusinus sp.","[1440, 2807, 910, 431]",D:\scratchpad\suchi-textbook-work\output\images\fig_245_Fig_245_Spindle_shell_Fusin.jpg,cv_layout,ok,188,Fusinus sp.
110,246,"Fig. 246. Common reef shell, Fasciolaria sp.","[258, 384, 871, 599]",D:\scratchpad\suchi-textbook-work\output\images\fig_246_Fig_246_Common_reef_shell_F.jpg,cv_layout,ok,189,Fasciolaria sp.
110,247,"Fig. 247. Small gastropods of reef, Drupa ricinus","[1267, 385, 1105, 600]",D:\scratchpad\suchi-textbook-work\output\images\fig_247_Fig_247_Small_gastropods_of.jpg,cv_layout,ok,190,Drupa ricinus
110,248,"Fig. 248. Ramose murex, Chicoreus ramosus","[258, 1178, 931, 1042]",D:\scratchpad\suchi-textbook-work\output\images\fig_248_Fig_248_Ramose_murex_Chicor.jpg,cv_layout,ok,191,Chicoreus ramosus
110,249,"Fig. 249. Common reef shell, Chicoreus sp.","[1677, 1198, 599, 1009]",D:\scratchpad\suchi-textbook-work\output\images\fig_249_Fig_249_Common_Reef_shell_C.jpg,cv_layout,ok,192,Chicoreus sp.
110,250,"Fig. 250. Bullmouth Helmet, Cypraecassis rufa","[255, 2410, 1034, 805]",D:\scratchpad\suchi-textbook-work\output\images\fig_250_Fig_250_Bullmouth_Helmet_Cy.jpg,cv_layout,ok,193,Cypraecassis rufa
110,251,Fig. 251. A common Conus sp. of sandy-mud areas,"[1693, 2422, 468, 777]",D:\scratchpad\suchi-textbook-work\output\images\fig_251_Fig_251_A_common_Conus_sp.jpg,cv_layout,ok,194,Conus sp.
111,252,"Fig. 252. Horse conch shell, Pleuroploca trapezium","[267, 312, 1006, 625]",D:\scratchpad\suchi-textbook-work\output\images\fig_252_Fig_252_Horse_conch_shell_P.jpg,manual_recrop,ok,195,Pleuroploca trapezium
111,253,"Fig. 253. Humpback cowry, Cypraea mauritiana","[1378, 307, 961, 631]",D:\scratchpad\suchi-textbook-work\output\images\fig_253_Fig_253_Humpback_cowry_Cypr.jpg,manual_recrop,ok,196,Cypraea mauritiana
111,254,"Fig. 254. Wandering cowry, Cypraea errones","[270, 1104, 969, 580]",D:\scratchpad\suchi-textbook-work\output\images\fig_254_Fig_254_Wandering_cowry_Cyp.jpg,manual_recrop,ok,197,Cypraea errones
111,255,"Fig. 255. Serpent's head cowry, Cypraea caputserpentis","[1331, 1111, 961, 550]",D:\scratchpad\suchi-textbook-work\output\images\fig_255_Fig_255_Serpent_s_head_cowry.jpg,manual_recrop,ok,198,Cypraea caputserpentis
111,256,"Fig. 256. Moore Olive, Oliva vidua","[267, 1855, 1017, 749]",D:\scratchpad\suchi-textbook-work\output\images\fig_256_Fig_256_Moore_Olive_Oliva_v.jpg,manual_recrop,ok,199,Oliva vidua
111,257,"Fig. 257. Radiate top, Trochus radiatus","[1425, 1859, 911, 732]",D:\scratchpad\suchi-textbook-work\output\images\fig_257_Fig_257_Radiate_top_Trochus.jpg,manual_recrop,ok,200,Trochus radiatus
111,258,"Fig. 258. Brown Pacific Turban, Turbo bruneus","[275, 2710, 835, 582]",D:\scratchpad\suchi-textbook-work\output\images\fig_258_Fig_258_Brown_Pacific_Turban.jpg,manual_recrop,ok,201,Turbo bruneus
111,259,Fig. 259. Chicoreus kilburni,"[1353, 2711, 978, 586]",D:\scratchpad\suchi-textbook-work\output\images\fig_259_Fig_259_Chicoreus_kilburni.jpg,manual_recrop,ok,202,Chicoreus kilburni
112,260,"Fig. 260. Nerite shell, Nerita plicata","[267, 447, 1019, 552]",D:\scratchpad\suchi-textbook-work\output\images\fig_260_Fig_260_Nerite_shell_Nerita.jpg,manual_recrop,ok,203,Nerita plicata
112,261,"Fig. 261. Common Ear shell, Haliotis varia","[1333, 440, 1029, 559]",D:\scratchpad\suchi-textbook-work\output\images\fig_261_Fig_261_Common_Eatshell_Hal.jpg,manual_recrop,ok,204,Haliotis varia
112,262,"Fig. 262. Cautious turban, Turbo (Marmarostoma) sparverius","[267, 1142, 662, 977]",D:\scratchpad\suchi-textbook-work\output\images\fig_262_Fig_262_Carded_turban_Turbo.jpg,manual_recrop,ok,205,Turbo sparverius
112,263,"Fig. 263. Tuberculate Girly Triton, Gyrineum natator","[997, 1142, 599, 980]",D:\scratchpad\suchi-textbook-work\output\images\fig_263_Fig_263_Tubereulara_Gyre_Tr.jpg,manual_recrop,ok,206,Gyrineum natator
112,264,"Fig. 264. Chocolate Spotted Auger, Terebra subulata","[287, 2356, 386, 926]",D:\scratchpad\suchi-textbook-work\output\images\fig_264_Fig_264_Chocolate_Spotted_Au.jpg,manual_recrop,ok,207,Terebra subulata
112,265,"Fig. 265. Hebrew cone, Conus ebraeus","[1700, 1136, 665, 980]",D:\scratchpad\suchi-textbook-work\output\images\fig_265_Fig_265_Hebrew_cone_Conuseb.jpg,manual_recrop,ok,208,Conus ebraeus
112,266,"Fig. 266. Turtle limpet, Cellana testudinaria","[713, 2361, 943, 611]",D:\scratchpad\suchi-textbook-work\output\images\fig_266_Fig_266_Turtle_l_mpet_Cella.jpg,manual_recrop,ok,209,Cellana testudinaria
112,267,"Fig. 267. Pacific sugar limpet, Patelloida saccharina","[1691, 2361, 671, 869]",D:\scratchpad\suchi-textbook-work\output\images\fig_267_Fig_26_Fig_26_Pac_fie_s.jpg,manual_recrop,ok,210,Patelloida saccharina
113,269,Fig. 269. Sea slug Jorunna funebris,"[1431, 2212, 908, 936]",D:\scratchpad\suchi-textbook-work\output\images\fig_269_Fig_269_Fig_269_a_lug_J.jpg,manual_recrop,ok,211,Jorunna funebris
114,271,"Fig. 271. A nudibranch, Asteronotus sp. with egg mass.","[290, 386, 935, 653]",D:\scratchpad\suchi-textbook-work\output\images\fig_271_Fig_271_A_nudibranch_Astero.jpg,manual_recrop,ok,212,Asteronotus sp.
114,272,"Fig. 272. A rare coral sea slug, Phyllidia varicosa","[1253, 386, 1123, 659]",D:\scratchpad\suchi-textbook-work\output\images\fig_272_Fig_272_A_rare_Coral_Seaslug.jpg,manual_recrop,recropped,213,Phyllidia varicosa
114,273,Fig. 273. Nudibranch species found on dead corals.,"[294, 1225, 1018, 545]",D:\scratchpad\suchi-textbook-work\output\images\fig_273_Fig_273_Nudibranch_species_f.jpg,manual_recrop,ok,214,
114,274,"Fig. 274. Small nudibranchs, Hemihedra cymbalum","[1359, 1222, 1025, 550]",D:\scratchpad\suchi-textbook-work\output\images\fig_274_Fig_274_Small_nudibranchs_H.jpg,manual_recrop,ok,215,Hemihedra cymbalum
114,275,"Fig. 275. Nudibranch, Phyllidia pustulosa","[290, 1952, 1009, 608]",D:\scratchpad\suchi-textbook-work\output\images\fig_275_Fig_275_Nudibranch_Phyllidi.jpg,manual_recrop,ok,216,Phyllidia pustulosa
114,276,"Fig. 276. Common sea slug of rocky reefs, Onchidium sp.","[1356, 1958, 1023, 599]",D:\scratchpad\suchi-textbook-work\output\images\fig_276_Fig_276_Common_Sea_slug_of_r.jpg,manual_recrop,ok,217,Onchidium sp.
114,277,"Fig. 277. Sea slug of coral rubble, Aplysia sp.","[820, 2721, 1019, 630]",D:\scratchpad\suchi-textbook-work\output\images\fig_277_Fig_277_Nudibranch_of_coral.jpg,manual_recrop,ok,218,Aplysia sp.
115,278,"Fig. 278. A rock oyster among corals, Hyctissa sp.","[313, 2456, 1030, 746]",D:\scratchpad\suchi-textbook-work\output\images\fig_278_Fig_278_A_rock_oyster_among.jpg,cv_layout,ok,219,Hyctissa sp.
115,279,"Fig. 279. Clam shells, Tridacna crocea on coral rocks.","[1375, 2451, 1012, 750]",D:\scratchpad\suchi-textbook-work\output\images\fig_279_Fig_279_Clam_shells_Tridacn.jpg,cv_layout,ok,220,Tridacna crocea
117,288,"Fig. 288. Spiny bivalve of reefs, Spondylus sp.","[311, 401, 1004, 741]",D:\scratchpad\suchi-textbook-work\output\images\fig_288_Fig_288_Spiny_bivalve_of_ree.jpg,manual_recrop,ok,221,Spondylus sp.
117,289,"Fig. 289. Spiny bivalve, Spondylus hystrix","[1364, 404, 1013, 730]",D:\scratchpad\suchi-textbook-work\output\images\fig_289_Fig_289_Spiny_bivalve_Spond.jpg,manual_recrop,ok,222,Spondylus hystrix
117,290,"Fig. 290. Pearl oyster, Pinctada margaritifera","[311, 1256, 1013, 1038]",D:\scratchpad\suchi-textbook-work\output\images\fig_290_Fig_290_Pearl_oyster_Pineta.jpg,manual_recrop,ok,223,Pinctada margaritifera
117,291,"Fig. 291. Penshell, Pinna bicolor","[1368, 1263, 1003, 1775]",D:\scratchpad\suchi-textbook-work\output\images\fig_291_Fig_291_Penshell_Pinna_bico.jpg,manual_recrop,ok,224,Pinna bicolor
118,2.93,"Fig. 2.93. A spiny chiton, Acanthopleura spiniger.","[289, 1449, 1017, 764]",D:\scratchpad\suchi-textbook-work\output\images\fig_002_Fig_2_93_A_spiny_chiton.jpg,manual_recrop,ok,225,Acanthopleura spiniger
120,295,"Fig. 295. Chambered Nautilus, Nautilus pompilius","[237, 327, 1106, 1205]",D:\scratchpad\suchi-textbook-work\output\images\fig_295_Fig_295_Chambered_Nautilus.jpg,cv_layout,ok,226,Nautilus pompilius
120,296,Fig. 296. Octopus species of shallow reef areas,"[1472, 325, 879, 1198]",D:\scratchpad\suchi-textbook-work\output\images\fig_002_Fig_2_96_Octopus_species_o.jpg,cv_layout,ok,227,
120,297,"Fig. 297. Reef octopus, Octopus luteus stuck to the body of a diver","[234, 1666, 1000, 1654]",D:\scratchpad\suchi-textbook-work\output\images\fig_002_Fig_2_97_Reef_octopus_Octop.jpg,cv_layout,ok,228,Octopus luteus
120,297a,"Fig. 297a. Egg case of Cuttlefish, Sepia sp.","[1416, 1668, 928, 1667]",D:\scratchpad\suchi-textbook-work\output\images\fig_297_Fig_297a_Egg_case_of_Cuttlef.jpg,cv_layout,ok,229,Sepia sp.
123,302,"Fig. 302. Cushion star, Culcita schmideliana","[264, 304, 1009, 656]",D:\scratchpad\suchi-textbook-work\output\images\fig_302_Fig_302_Cushion_star_Culci.jpg,manual_recrop,ok,230,Culcita schmideliana
123,303,"Fig. 303. Pink Seastar, Linckia laevigata","[1316, 309, 1011, 649]",D:\scratchpad\suchi-textbook-work\output\images\fig_30a_Fig_30a_Pink_Seastar_Linckia.jpg,manual_recrop,ok,231,Linckia laevigata
123,304,"Fig. 304. Cushion star in deep waters, Culcita schmideliana","[267, 1121, 1009, 577]",D:\scratchpad\suchi-textbook-work\output\images\fig_304_Fig_304_Cushion_star_in_de.jpg,manual_recrop,ok,232,Culcita schmideliana
123,305,"Fig. 305. Sea star, Fromia indica","[1326, 1125, 1008, 576]",D:\scratchpad\suchi-textbook-work\output\images\fig_305_Fig_305_Sea_star_Fromia_ind.jpg,manual_recrop,ok,233,Fromia indica
123,306,"Fig. 306. Seastar, Leiaster glaber","[267, 1871, 1009, 673]",D:\scratchpad\suchi-textbook-work\output\images\fig_306_Fig_306_Seastar_Leiaster_gla.jpg,manual_recrop,ok,234,Leiaster glaber
123,308,"Fig. 308. Sea star, Fromia sp., oral side","[272, 2680, 665, 565]",D:\scratchpad\suchi-textbook-work\output\images\fig_308_Fig_308_Sea_star_Fromia_s.jpg,manual_recrop,ok,235,Fromia sp.
123,309,"Fig. 309. A small seastar, Asterina lorioli","[960, 2673, 672, 591]",D:\scratchpad\suchi-textbook-work\output\images\fig_309_Fig_309_A_small_seastar_Ast.jpg,manual_recrop,ok,236,Asterina lorioli
123,310,"Fig. 310. Seastar, Fromia monilis","[1657, 2675, 669, 577]",D:\scratchpad\suchi-textbook-work\output\images\fig_310_Fig_310_Seastar_Fromia_mQ.jpg,manual_recrop,ok,237,Fromia monilis
124,311,"Fig. 311. Brittle star, Ophiocoma dentata","[1369, 1950, 1000, 648]",D:\scratchpad\suchi-textbook-work\output\images\fig_311_Fig_311_Brittle_star_Ophioc.jpg,manual_recrop,ok,238,Ophiocoma dentata
124,312,"Fig. 312. Brittle star, Ophiarthrum elegans","[295, 2693, 1014, 667]",D:\scratchpad\suchi-textbook-work\output\images\fig_312_Fig_312_Brittle_star_Ophiar.jpg,manual_recrop,ok,239,Ophiarthrum elegans
124,313,"Fig. 313. Brittle star, Ophiocoma erinaceus","[1368, 2683, 1018, 664]",D:\scratchpad\suchi-textbook-work\output\images\fig_313_Fig_313_Briulestar_Ophiocom.jpg,manual_recrop,ok,240,Ophiocoma erinaceus
125,314,"Fig. 314. Long armed brittlestar, Ophiocoma scolopendrina","[301, 363, 1006, 713]",D:\scratchpad\suchi-textbook-work\output\images\fig_314_Fig_314_Fig_314_Long_armed.jpg,manual_recrop,recropped,241,Ophiocoma scolopendrina
125,315,"Fig. 315. Brittle star, Macrophiothrix sp.","[1355, 363, 1009, 718]",D:\scratchpad\suchi-textbook-work\output\images\fig_315_Fig_315_Fig_315_Brittle_sta.jpg,manual_recrop,ok,242,Macrophiothrix sp.
125,317,"Fig. 317. Reef ophiuroid, Ophiarthrum pictum","[1358, 1262, 1003, 620]",D:\scratchpad\suchi-textbook-work\output\images\fig_317_Fig_317_Fig_317_Reef_Ophuir.jpg,manual_recrop,ok,243,Ophiarthrum pictum
126,319,"Fig. 319. Feather star, Comatula sp.","[1330, 349, 1032, 633]",D:\scratchpad\suchi-textbook-work\output\images\fig_319_Fig_319_Feather_star_Comat.jpg,manual_recrop,ok,244,Comatula sp.
126,320,"Fig. 320. Feather star of shallow waters, Comaster sp.","[261, 1137, 1005, 637]",D:\scratchpad\suchi-textbook-work\output\images\fig_320_Fig_320_Feather_star_of_shal.jpg,manual_recrop,ok,245,Comaster sp.
126,321,"Fig. 321. Common feather star, Lamprometra sp.","[1327, 1139, 1037, 639]",D:\scratchpad\suchi-textbook-work\output\images\fig_321_Fig_321_Common_feather_star.jpg,manual_recrop,ok,246,Lamprometra sp.
126,322,"Fig. 322. Feather star, Heterometra sp.","[260, 1939, 1031, 646]",D:\scratchpad\suchi-textbook-work\output\images\fig_322_Fig_322_Feather_star_Hetero.jpg,manual_recrop,ok,247,Heterometra sp.
126,323,"Fig. 323. Bright yellow featherstar, Himerometra magnipinna","[1339, 1941, 1020, 645]",D:\scratchpad\suchi-textbook-work\output\images\fig_323_Fig_32_3_Bright_yellow_feat.jpg,manual_recrop,ok,248,Himerometra magnipinna
126,324,"Fig. 324. Featherstar, Himerometra sp. on zoanthid mats","[264, 2731, 1021, 613]",D:\scratchpad\suchi-textbook-work\output\images\fig_324_Fig_324_Featherstar_Himerom.jpg,manual_recrop,ok,249,Himerometra sp.
126,325,"Fig. 325. Featherstar, Oxycomanthus bennetti","[1333, 2728, 1032, 608]",D:\scratchpad\suchi-textbook-work\output\images\fig_325_Fig_325_Featherstar_Oxycoma.jpg,manual_recrop,ok,250,Oxycomanthus bennetti
128,326,"Fig. 326. Longspine Seaurchin, Diadema setosum","[241, 923, 1017, 699]",D:\scratchpad\suchi-textbook-work\output\images\fig_326_Fig_326_Longspine_Seaurchin.jpg,manual_recrop,ok,251,Diadema setosum
128,327,"Fig. 327. Sea urchin, Echinostrephus molaris","[1307, 923, 1037, 693]",D:\scratchpad\suchi-textbook-work\output\images\fig_327_Fig_327_Sea_urchin_Echinost.jpg,manual_recrop,ok,252,Echinostrephus molaris
128,328,"Fig. 328. A beautiful globe urchin, Mespilia globulus","[241, 1799, 1017, 596]",D:\scratchpad\suchi-textbook-work\output\images\fig_328_Fig_328_A_beautiful_globe_ur.jpg,manual_recrop,ok,253,Mespilia globulus
128,329,"Fig. 329. Large spined-sea urchin, Diadema savignyi","[1313, 1801, 1026, 594]",D:\scratchpad\suchi-textbook-work\output\images\fig_329_Fig_329_Large_spined_sea_urc.jpg,manual_recrop,ok,254,Diadema savignyi
128,330,"Fig. 330. Hatpin Seaurchin, Echinothrix calamaris","[1305, 2594, 1026, 716]",D:\scratchpad\suchi-textbook-work\output\images\fig_033_Fig_33_Hatpin_Seaurchin_Ec.jpg,manual_recrop,ok,255,Echinothrix calamaris
129,332,"Fig. 332. Blunt-spined sea urchin, Heterocentrotus trigonarius","[236, 462, 1020, 732]",D:\scratchpad\suchi-textbook-work\output\images\fig_332_Fig_332_Blunt_spined_seaurch.jpg,cv_layout,ok,256,Heterocentrotus trigonarius
129,333,"Fig. 333. Rare pencil sea urchin, Phyllacanthus imperialis","[1283, 465, 1025, 735]",D:\scratchpad\suchi-textbook-work\output\images\fig_333_Fig_333_Rare_pe_ncil_seaur.jpg,cv_layout,ok,257,Phyllacanthus imperialis
129,334,"Fig. 334. Cake urchin, Tripneustes gratilla","[245, 1411, 1012, 793]",D:\scratchpad\suchi-textbook-work\output\images\fig_334_Fig_334_Cake_urchin_Tripneu.jpg,cv_layout,ok,258,Tripneustes gratilla
129,335,"Fig. 335. Sea urchin of sandy weed areas, Temnopleurus sp.","[1285, 1411, 1023, 781]",D:\scratchpad\suchi-textbook-work\output\images\fig_335_Fig_335_Seaurchin_of_sandy.jpg,cv_layout,ok,259,Temnopleurus sp.
129,336,"Fig. 336. Sea urchin, Echinothrix sp.","[247, 2430, 1026, 750]",D:\scratchpad\suchi-textbook-work\output\images\fig_336_Fig_336_Seaur_chin_Echinot.jpg,cv_layout,ok,260,Echinothrix sp.
129,337,Fig. 337. Colobocentrotus atratus found on rocky areas,"[1288, 2423, 1024, 741]",D:\scratchpad\suchi-textbook-work\output\images\fig_337_Fig_337_Colobocentrotus_atr.jpg,cv_layout,ok,261,Colobocentrotus atratus
131,342,"Fig. 342. Sea cucumber, Holothuria atra","[277, 1331, 1023, 576]",D:\scratchpad\suchi-textbook-work\output\images\fig_342_Fig_342_Seacucumber_Holothu.jpg,cv_layout,ok,262,Holothuria atra
131,343,Fig. 343. Holothuria hilla found under coral stones,"[1333, 1330, 1016, 581]",D:\scratchpad\suchi-textbook-work\output\images\fig_343_Fig_343_Holothuria_hilla_fou.jpg,cv_layout,ok,263,Holothuria hilla
131,344,"Fig. 344. Sea cucumber of rock pools, Holothuria sp.","[283, 2054, 1014, 571]",D:\scratchpad\suchi-textbook-work\output\images\fig_344_Fig_344_Sea_cucumber_of_roc.jpg,cv_layout,ok,264,Holothuria sp.
131,345,Fig. 345. Holothuria scabra,"[1334, 2054, 1014, 572]",D:\scratchpad\suchi-textbook-work\output\images\fig_345_Fig_345_Holothuria_scabra.jpg,cv_layout,ok,265,Holothuria scabra
131,346,Fig. 346. Bohadschia marmorata found in weedy mud areas,"[281, 2782, 1015, 479]",D:\scratchpad\suchi-textbook-work\output\images\fig_346_Fig_346_Bohadschia_marmorata.jpg,cv_layout,ok,266,Bohadschia marmorata
131,347,"Fig. 347. Sea cucumber of rocky reefs, Holothuria nobilis","[1333, 2780, 1012, 480]",D:\scratchpad\suchi-textbook-work\output\images\fig_347_Fig_347_Sea_cucumber_of_Roc.jpg,cv_layout,ok,267,Holothuria nobilis
132,351,Fig. 351. Holothuria leucospilota,"[1316, 1034, 1034, 667]",D:\scratchpad\suchi-textbook-work\output\images\fig_035_Fig_35_Holothuria_leucospil.jpg,manual_recrop,ok,268,Holothuria leucospilota
132,348,Fig. 348. Holothuria impatiens,"[250, 379, 1021, 536]",D:\scratchpad\suchi-textbook-work\output\images\fig_348_Fig_348_Holothuria_impatiens.jpg,manual_recrop,ok,269,Holothuria impatiens
132,350,Fig. 350. A scaly polychaete on Holothuria sp.,"[246, 1042, 1021, 651]",D:\scratchpad\suchi-textbook-work\output\images\fig_350_Fig_350_A_scaly_polychaete_o.jpg,manual_recrop,ok,270,Holothuria sp.
132,352,Fig. 352. Holothuria edulis,"[247, 1887, 1023, 653]",D:\scratchpad\suchi-textbook-work\output\images\fig_352_Fig_352_Holothuria_edulis.jpg,manual_recrop,ok,271,Holothuria edulis
132,353,Fig. 353. Holothuria arenicola under coral rocks,"[1319, 1890, 1032, 648]",D:\scratchpad\suchi-textbook-work\output\images\fig_353_Fig_353_Holothuria_arenicola.jpg,manual_recrop,ok,272,Holothuria arenicola
132,354,Fig. 354. Actinopyga sp. in rock pool,"[249, 2654, 1027, 708]",D:\scratchpad\suchi-textbook-work\output\images\fig_354_Fig_354_Actinopyga_sp_in_ro.jpg,manual_recrop,ok,273,Actinopyga sp.
133,356,Fig. 356. Sticky Cuverian tubules of Bohadschia marmorata,"[255, 388, 1020, 618]",D:\scratchpad\suchi-textbook-work\output\images\fig_356_Fig_3_56_Sticky_Cuverian_t.jpg,manual_recrop,ok,274,Bohadschia marmorata
133,358,Fig. 358. Holothuria sp. found in shallow reefs,"[262, 1209, 1011, 453]",D:\scratchpad\suchi-textbook-work\output\images\fig_358_Fig_358_Holothuria_sp_found.jpg,manual_recrop,ok,275,Holothuria sp.
133,359,"Fig. 359. Scaly polychaete on sea cucumber, Lebidodemas sp.","[1316, 1217, 1009, 445]",D:\scratchpad\suchi-textbook-work\output\images\fig_359_Fig_359_Scaly_polychaete_on.jpg,manual_recrop,ok,276,Lebidodemas sp.
133,360,"Fig. 360. Sea cucumbers, Stichopus chloronotus","[262, 1865, 1011, 558]",D:\scratchpad\suchi-textbook-work\output\images\fig_360_Fig_360_Sea_cucumbers_Stic.jpg,manual_recrop,ok,277,Stichopus chloronotus
133,362,"Fig. 362. Snake-like sea cucumber, Synapta maculata","[256, 2646, 1011, 552]",D:\scratchpad\suchi-textbook-work\output\images\fig_362_Fig_36_2_Snake_like_seacucu.jpg,manual_recrop,ok,278,Synapta maculata
133,363,"Fig. 363. Sea cucumber of weedy areas, Synapta striata","[1319, 2621, 1009, 574]",D:\scratchpad\suchi-textbook-work\output\images\fig_363_Fig_363_Seacucumber_of_we_ed.jpg,manual_recrop,ok,279,Synapta striata
134,364,Fig. 364. Actinopyga sp.,"[228, 619, 1034, 778]",D:\scratchpad\suchi-textbook-work\output\images\fig_364_Fig_364_Actinopyga_sp.jpg,cv_layout,ok,280,Actinopyga sp.
134,365,Fig. 365. Actinopyga echinites,"[1306, 619, 1032, 772]",D:\scratchpad\suchi-textbook-work\output\images\fig_365_Fig_365_Actinopyga_echinites.jpg,cv_layout,ok,281,Actinopyga echinites
134,366,"Fig. 366. Sea cucumber, Actinopyga maunnana","[228, 1587, 1032, 639]",D:\scratchpad\suchi-textbook-work\output\images\fig_366_Fig_366_Sea_cucumber_Actino.jpg,cv_layout,ok,282,Actinopyga maunnana
134,367,Fig. 367. Actinopyga sp.,"[1294, 1582, 1047, 646]",D:\scratchpad\suchi-textbook-work\output\images\fig_367_Fig_367_Actinopyga_sp.jpg,cv_layout,ok,283,Actinopyga sp.
134,368,Fig. 368. Bohadschia sp. grazing on reef,"[228, 2479, 1033, 648]",D:\scratchpad\suchi-textbook-work\output\images\fig_368_Fig_368_Bohadschia_sp_grazi.jpg,cv_layout,ok,284,Bohadschia sp.
134,369,Fig. 369. Stichopus sp.,"[1297, 2479, 1037, 650]",D:\scratchpad\suchi-textbook-work\output\images\fig_369_Fig_369_Stichopus_sp.jpg,cv_layout,ok,285,Stichopus sp.
138,370,Fig 370: Impact of Fish populations on Coral Reefs...,"[341, 155, 1212, 733]",D:\scratchpad\suchi-textbook-work\output\images\fig_370_Fig_370_Impact_of_Fish_popula.jpg,llm_fallback,deleted,286,
139,370,"Fig. 370. Trophic relationship of Reef Fishes (After White, 1987)","[332, 861, 2019, 2309]",D:\scratchpad\suchi-textbook-work\output\images\fig_370_Fig_370_Trophic_relationship.jpg,cv_layout,deleted,287,
140,371,Fig. 371. Variety of reef fishes hovering around corals,"[283, 2450, 1026, 777]",D:\scratchpad\suchi-textbook-work\output\images\fig_371_Fig_371_Variety_of_reef_fish.jpg,cv_layout,ok,288,
140,372,"Fig. 372. School of blue chromis, Chromis viridis","[1345, 2454, 1040, 787]",D:\scratchpad\suchi-textbook-work\output\images\fig_372_Fig_372_Sch_ool_of_blue_chr.jpg,cv_layout,ok,289,Chromis viridis
141,373,Fig. 373. A school of grunts,"[279, 328, 1013, 637]",D:\scratchpad\suchi-textbook-work\output\images\fig_373_Fig_373_A_school_of_grunts.jpg,manual_recrop,ok,290,
141,374,"Fig. 374. A school of sweetlips, Diagramma pictum","[1339, 325, 1011, 639]",D:\scratchpad\suchi-textbook-work\output\images\fig_374_Fig_374_A_school_of_sweet.jpg,manual_recrop,ok,291,Diagramma pictum
141,376,"Fig. 376. School of snappers, Lutjanus kasmira","[1338, 1127, 1006, 605]",D:\scratchpad\suchi-textbook-work\output\images\fig_376_Fig_376_School_of_snappers.jpg,manual_recrop,ok,292,Lutjanus kasmira
141,377,"Fig. 377. Longfin bannerfishes, Heniochus acuminatus","[284, 1908, 1003, 574]",D:\scratchpad\suchi-textbook-work\output\images\fig_377_Fig_377_Longtin_bannerfishes.jpg,manual_recrop,ok,293,Heniochus acuminatus
141,378,"Fig. 378. Threadfin butterflyfish, Chaetodon auriga","[1338, 1905, 1006, 580]",D:\scratchpad\suchi-textbook-work\output\images\fig_378_Fig_3_8_Threadfin_bute_fl.jpg,manual_recrop,ok,294,Chaetodon auriga
141,379,"Fig. 379. Black-back butterflyfish, Chaetodon melannotus","[283, 2664, 1006, 609]",D:\scratchpad\suchi-textbook-work\output\images\fig_379_Fig_3_9_Black_back_buterfly.jpg,manual_recrop,ok,295,Chaetodon melannotus
141,380,"Fig. 380. Chevroned butterflyfish, Chaetodon trifascialis","[1339, 2664, 1004, 611]",D:\scratchpad\suchi-textbook-work\output\images\fig_380_Fig_380_Cheveroned_butterf.jpg,manual_recrop,ok,296,Chaetodon trifascialis
142,381,"Fig. 381. Vagabond butterflyfish, Chaetodon vagabundus","[257, 340, 1036, 653]",D:\scratchpad\suchi-textbook-work\output\images\fig_038_Fig_38_1_Vagabond_butterlIy.jpg,cv_layout,ok,297,Chaetodon vagabundus
142,382,"Fig. 382. Lined butterflyfish, Chaetodon lineolatus","[1400, 332, 967, 662]",D:\scratchpad\suchi-textbook-work\output\images\fig_382_Fig_382_Lined_butterfiyfish.jpg,cv_layout,ok,298,Chaetodon lineolatus
142,383,"Fig. 383. Blue-spot butterflyfish, Chaetodon plebeius","[260, 1138, 1035, 668]",D:\scratchpad\suchi-textbook-work\output\images\fig_383_Fig_383_Blue_spot_butterfiyf.jpg,cv_layout,ok,299,Chaetodon plebeius
142,384,"Fig. 384. Meyer's Butterflyfish, Chaetodon meyeri","[1329, 1143, 1039, 662]",D:\scratchpad\suchi-textbook-work\output\images\fig_384_Fig_384_M_yer_s_Buterflyfish.jpg,cv_layout,ok,300,Chaetodon meyeri
142,385,"Fig. 385. Redfin butterflyfish, Chaetodon trifasciatus","[258, 1949, 1033, 653]",D:\scratchpad\suchi-textbook-work\output\images\fig_385_Fig_385_I_But_l_O11_IrI_Ic.jpg,cv_layout,ok,301,Chaetodon trifasciatus
142,386,"Fig. 386. School of red-tailed butterflyfish, Chaetodon collare","[1329, 1949, 1038, 653]",D:\scratchpad\suchi-textbook-work\output\images\fig_386_Fig_386_School_of_red_tailed.jpg,cv_layout,ok,302,Chaetodon collare
142,387,"Fig. 387. Saddled butterflyfish, Chaetodon ephippium","[264, 2737, 1027, 652]",D:\scratchpad\suchi-textbook-work\output\images\fig_038_Fig_38_Saddled_butte_rflyfi.jpg,cv_layout,ok,303,Chaetodon ephippium
142,388,"Fig. 388. Triangular butterflyfish, Chaetodon triangulum","[1328, 2742, 1037, 656]",D:\scratchpad\suchi-textbook-work\output\images\fig_388_Fig_388_Triangular_buttert.jpg,cv_layout,ok,304,Chaetodon triangulum
144,697,"Fig. 697. Yellow-backed sergeant, Abudefduf vaigiensis","[257, 331, 1034, 522]",D:\scratchpad\suchi-textbook-work\output\images\fig_697_Fig_697_Yellow_backed_sergea.jpg,cv_layout,ok,305,Abudefduf vaigiensis
144,400,"Fig. 400. Spine-cheeked anemonefish, Premnas biaculeatus","[1370, 383, 954, 454]",D:\scratchpad\suchi-textbook-work\output\images\fig_400_Fig_400_Spine_cheeked_anemon.jpg,cv_layout,ok,306,Premnas biaculeatus
144,398,"Fig. 398. Pink anemonefish, Amphiprion perideraion","[261, 1030, 1032, 668]",D:\scratchpad\suchi-textbook-work\output\images\fig_398_Fig_398_Pink_anemonefish_A.jpg,cv_layout,ok,307,Amphiprion perideraion
144,399,"Fig. 399. Bridled clown, Amphiprion frenatus","[1320, 1027, 1054, 666]",D:\scratchpad\suchi-textbook-work\output\images\fig_003_Fig_3_99_Bridled_clown_Amph.jpg,cv_layout,ok,308,Amphiprion frenatus
144,401,"Fig. 401. Bridled clown, Amphiprion frenatus","[304, 1885, 960, 653]",D:\scratchpad\suchi-textbook-work\output\images\fig_401_Fig_401_Bridledc1own_Amphip.jpg,cv_layout,ok,309,Amphiprion frenatus
144,402,"Fig. 402. Young of black damsel, Neoglyphidodon melas","[1331, 1858, 1039, 697]",D:\scratchpad\suchi-textbook-work\output\images\fig_402_Fig_402_Young_of_black_damse.jpg,cv_layout,ok,310,Neoglyphidodon melas
144,403,"Fig. 403. Common chromis, Chromis viridis","[261, 2729, 1030, 609]",D:\scratchpad\suchi-textbook-work\output\images\fig_403_Fig_403_Common_chromis_Chro.jpg,cv_layout,ok,311,Chromis viridis
144,404,"Fig. 404. Black-headed leatherjacket, Pervagor melanocephalus","[1329, 2724, 1039, 617]",D:\scratchpad\suchi-textbook-work\output\images\fig_404_Fig_404_Black_headed_leather.jpg,cv_layout,ok,312,Pervagor melanocephalus
145,405,"Fig. 405. Yellowfin damsel, Neoglyphidodon nigroris","[231, 316, 1023, 647]",D:\scratchpad\suchi-textbook-work\output\images\fig_405_Fig_405_Yellowfin_damsel_Ne.jpg,cv_layout,ok,313,Neoglyphidodon nigroris
145,406,"Fig. 406. Blue-ring angelfish, Pomacanthus annularis","[1394, 325, 839, 635]",D:\scratchpad\suchi-textbook-work\output\images\fig_406_Fig_406_B_ue_ring_angelfish.jpg,cv_layout,ok,314,Pomacanthus annularis
145,407,"Fig. 407. Semicircular angelfish, Pomacanthus semicirculatus (Adult)","[324, 1153, 781, 575]",D:\scratchpad\suchi-textbook-work\output\images\fig_407_Fig_407_Semicircular_angel.jpg,cv_layout,ok,315,Pomacanthus semicirculatus
145,408,Fig. 408. Juvenile of Pomacanthus semicirculatus,"[1291, 1121, 1017, 641]",D:\scratchpad\suchi-textbook-work\output\images\fig_408_Fig_408_Juvenile_of_P_semic.jpg,cv_layout,ok,316,Pomacanthus semicirculatus
145,409,"Fig. 409. Regal angelfish, Pygoplites diacanthus","[231, 1895, 1021, 575]",D:\scratchpad\suchi-textbook-work\output\images\fig_409_Fig_409_Regal_angelfish_Pyg.jpg,cv_layout,ok,317,Pygoplites diacanthus
145,410,"Fig. 410. Emperor angelfish, Pomacanthus imperator","[1291, 1896, 1008, 571]",D:\scratchpad\suchi-textbook-work\output\images\fig_410_Fig_410_Emperor_an_gelfish.jpg,cv_layout,ok,318,Pomacanthus imperator
145,411,"Fig. 411. Humphead bannerfish, Heniochus varius","[231, 2615, 1021, 659]",D:\scratchpad\suchi-textbook-work\output\images\fig_411_Fig_411_H_unp_head_ban_nerf.jpg,cv_layout,ok,319,Heniochus varius
145,412,"Fig. 412. Checkered wrasse, Halichoeres hortulanus","[1290, 2609, 1014, 667]",D:\scratchpad\suchi-textbook-work\output\images\fig_412_Fig_412_Checkered_wrasse_Ha.jpg,cv_layout,ok,320,Halichoeres hortulanus
146,413,"Fig. 413. Black axil hogfish, Bodianus axillaris","[339, 417, 1016, 523]",D:\scratchpad\suchi-textbook-work\output\images\fig_413_Fig_413_Black_axil_hogfish.jpg,manual_recrop,ok,321,Bodianus axillaris
146,415,"Fig. 415. Dusky wrasse, Halichoeres marginatus","[332, 1115, 1014, 455]",D:\scratchpad\suchi-textbook-work\output\images\fig_415_Fig_415_Dusky_wrasse_Halich.jpg,manual_recrop,ok,322,Halichoeres marginatus
146,416,"Fig. 416. Pinkbelly wrasse, Halichoeres margaritaceus","[1409, 1091, 1019, 436]",D:\scratchpad\suchi-textbook-work\output\images\fig_416_Fig_4_6_Pinkbelly_wrasse_Ha.jpg,manual_recrop,ok,323,Halichoeres margaritaceus
146,417,"Fig. 417. Red-breasted wrasse, Cheilinus fasciatus","[355, 1811, 960, 389]",D:\scratchpad\suchi-textbook-work\output\images\fig_417_Fig_41_Red_breasted_wras.jpg,manual_recrop,ok,324,Cheilinus fasciatus
146,418,"Fig. 418. Bird wrasse, Gomphosus caeruleus (Dark phase)","[1447, 1817, 986, 407]",D:\scratchpad\suchi-textbook-work\output\images\fig_418_Fig_418_Bird_wrasse_Gomphos.jpg,manual_recrop,ok,325,Gomphosus caeruleus
146,419,"Fig. 419. Bird wrasse, Gomphosus caeruleus (Green phase)","[321, 2370, 1029, 470]",D:\scratchpad\suchi-textbook-work\output\images\fig_419_Fig_419_Bird_wrasse_Gomphos.jpg,manual_recrop,ok,326,Gomphosus caeruleus
146,420,"Fig. 420. Red spotted wrasse, Halichoeres argus","[1401, 2376, 1040, 455]",D:\scratchpad\suchi-textbook-work\output\images\fig_420_Fig_420_Red_spotted_wrasse.jpg,manual_recrop,ok,327,Halichoeres argus
146,421,"Fig. 421. Thick-lipped wrasse, Hemigymnus melapterus","[295, 2978, 1040, 409]",D:\scratchpad\suchi-textbook-work\output\images\fig_421_Fig_421_Thick_lipped_wrasse.jpg,manual_recrop,ok,328,Hemigymnus melapterus
146,422,"Fig. 422. Three-ribbon wrasse, Stethojulis trilineata","[1394, 3002, 1044, 387]",D:\scratchpad\suchi-textbook-work\output\images\fig_422_Fig_422_Three_ribbon_wrasse.jpg,manual_recrop,ok,329,Stethojulis trilineata
147,423,"Fig. 423. Jansen's wrasse, Thalassoma jansenii","[262, 342, 999, 393]",D:\scratchpad\suchi-textbook-work\output\images\fig_423_Fig_423_Jansen_s_wrasse_Tha.jpg,manual_recrop,ok,330,Thalassoma jansenii
147,426,"Fig. 426. Oriental sweetlip, Plectorhinchus orientalis","[1317, 336, 1008, 400]",D:\scratchpad\suchi-textbook-work\output\images\fig_426_Fig_426_Oriental_sweetlip_P.jpg,manual_recrop,ok,331,Plectorhinchus orientalis
147,425,"Fig. 425. Batfish, Platax pinnatus","[1322, 916, 995, 710]",D:\scratchpad\suchi-textbook-work\output\images\fig_425_Fig_425_Batfisf_Platax_pinn.jpg,manual_recrop,ok,332,Platax pinnatus
147,427,"Fig. 427. Spotted sweetlip, Plectorhinchus chaetodonoides (Adult)","[256, 1806, 1014, 617]",D:\scratchpad\suchi-textbook-work\output\images\fig_427_Fig_427_Spotted_sweetlip_Pl.jpg,manual_recrop,ok,333,Plectorhinchus chaetodonoides
147,428,"Fig. 428. Floral wrasse, Cheilinus chlorourus","[1318, 1812, 1002, 609]",D:\scratchpad\suchi-textbook-work\output\images\fig_428_Fig_428_Floral_wrasse_Cheil.jpg,manual_recrop,ok,334,Cheilinus chlorourus
147,429,"Fig. 429. Yellowfin surgeon, Acanthurus xanthopterus","[253, 2603, 1013, 679]",D:\scratchpad\suchi-textbook-work\output\images\fig_429_Fig_429_Yellowfin_surgeon_A.jpg,manual_recrop,ok,335,Acanthurus xanthopterus
147,430,"Fig. 430. Yellowfin surgeon, Acanthurus xanthopterus","[1323, 2606, 962, 632]",D:\scratchpad\suchi-textbook-work\output\images\fig_430_Fig_430_Yellowfin_surgeon.jpg,manual_recrop,ok,336,Acanthurus xanthopterus
148,431,"Fig. 431. Convict surgeon, Acanthurus triostegus","[281, 370, 1021, 461]",D:\scratchpad\suchi-textbook-work\output\images\fig_431_Fig_431_Convict_surgeon_Aca.jpg,manual_recrop,ok,337,Acanthurus triostegus
148,432,"Fig. 432. Eye-stripe surgeon, Acanthurus dussumieri","[1352, 358, 1029, 477]",D:\scratchpad\suchi-textbook-work\output\images\fig_432_Fig_432_Eye_stripe_surgeon.jpg,manual_recrop,ok,338,Acanthurus dussumieri
148,433,"Fig. 433. Back-streak surgeon, Acanthurus nigricauda","[272, 994, 1031, 651]",D:\scratchpad\suchi-textbook-work\output\images\fig_433_Fig_433_Back_streak_surgeon.jpg,manual_recrop,ok,339,Acanthurus nigricauda
148,434,"Fig. 434. Blue-lined surgeon, Acanthurus lineatus","[1345, 985, 1030, 668]",D:\scratchpad\suchi-textbook-work\output\images\fig_434_Fig_434_Blue_Ined_surgeons.jpg,manual_recrop,ok,340,Acanthurus lineatus
148,435,"Fig. 435. Powder-blue surgeon, Acanthurus leucosternon","[272, 2771, 1023, 574]",D:\scratchpad\suchi-textbook-work\output\images\fig_435_Fig_435_Powder_blue_surgeon.jpg,manual_recrop,ok,341,Acanthurus leucosternon
148,436,"Fig. 436. Sailfin tang, Zebrasoma veliferum (Adult)","[290, 1833, 782, 742]",D:\scratchpad\suchi-textbook-work\output\images\fig_436_Fig_436_Sailfin_tang_Zebras.jpg,manual_recrop,ok,342,Zebrasoma veliferum
149,439,"Fig. 439. Dark-striped squirrelfish, Sargocentron praslin","[250, 397, 1023, 507]",D:\scratchpad\suchi-textbook-work\output\images\fig_439_Fig_439_Dark_striped_squlrre.jpg,cv_layout,ok,343,Sargocentron praslin
149,440,"Fig. 440. Crown squirrelfish, Sargocentron diadema","[1407, 401, 922, 499]",D:\scratchpad\suchi-textbook-work\output\images\fig_440_Fig_440_Crown_squirr_lfish.jpg,cv_layout,ok,344,Sargocentron diadema
149,441,"Fig. 441. Dash-and-dot goatfish, Parupeneus barberinus","[255, 1067, 1020, 570]",D:\scratchpad\suchi-textbook-work\output\images\fig_441_Fig_441_Dash_dot_goatfis.jpg,cv_layout,ok,345,Parupeneus barberinus
149,442,"Fig. 442. Gold-saddle goatfish, Parupeneus cyclostomus","[1312, 1061, 1019, 580]",D:\scratchpad\suchi-textbook-work\output\images\fig_442_Fig_442_Gold_saddle_goatfish.jpg,cv_layout,ok,346,Parupeneus cyclostomus
149,443,"Fig. 443. Zebra moray eel, Gymnomuraena zebra","[256, 1806, 1020, 642]",D:\scratchpad\suchi-textbook-work\output\images\fig_443_Fig_443_Zebra_Moray_eel_Gym.jpg,cv_layout,ok,347,Gymnomuraena zebra
149,444,"Fig. 444. Peppered moray eel, Gymnothorax sp.","[1316, 1805, 1016, 643]",D:\scratchpad\suchi-textbook-work\output\images\fig_444_Fig_444_P1eppered_Moray_eel.jpg,cv_layout,ok,348,Gymnothorax sp.
149,445,"Fig. 445. Ringed snake-eel, Myrichthys colubrinus","[259, 2617, 1021, 592]",D:\scratchpad\suchi-textbook-work\output\images\fig_044_Fig_44S_Ringed_snake_eel_My.jpg,cv_layout,ok,349,Myrichthys colubrinus
149,446,"Fig. 446. Starry moray eel, Echidna nebulosa","[1320, 2619, 1010, 581]",D:\scratchpad\suchi-textbook-work\output\images\fig_446_Fig_446_Starry_Moray_eel_E.jpg,cv_layout,ok,350,Echidna nebulosa
150,447,"Fig. 447. Giant moray eel, Gymnothorax javanicus","[264, 392, 892, 591]",D:\scratchpad\suchi-textbook-work\output\images\fig_447_Fig_447_G_ant_moray_eel_Gy.jpg,manual_recrop,ok,351,Gymnothorax javanicus
150,448,"Fig. 448. Adult of bicolour parrotfish, Cetoscarus bicolor","[1330, 383, 1029, 471]",D:\scratchpad\suchi-textbook-work\output\images\fig_448_Fig_448_Adult_of_bicolour_pa.jpg,manual_recrop,ok,352,Cetoscarus bicolor
150,449,"Fig. 449. Juvenile of bicolour parrotfish, Cetoscarus bicolor","[265, 1174, 1022, 520]",D:\scratchpad\suchi-textbook-work\output\images\fig_449_Fig_449_Juvenile_of_bicolour.jpg,manual_recrop,ok,353,Cetoscarus bicolor
150,450,"Fig. 450. Parrotfish, Scarus sp. among corals","[1334, 1174, 1028, 516]",D:\scratchpad\suchi-textbook-work\output\images\fig_450_Fig_450_Parrotfish_Scarus_s.jpg,manual_recrop,ok,354,Scarus sp.
150,451,"Fig. 451. Bridled parrotfish, Scarus frenatus","[261, 1813, 1023, 451]",D:\scratchpad\suchi-textbook-work\output\images\fig_451_Fig_451_Bridled_parrotfish.jpg,manual_recrop,ok,355,Scarus frenatus
150,452,"Fig. 452. Dusky-parrotfish, Scarus niger","[1333, 1813, 1017, 460]",D:\scratchpad\suchi-textbook-work\output\images\fig_452_Fig_452_Dusky_parrotfish_Sc.jpg,manual_recrop,ok,356,Scarus niger
150,453,"Fig. 453. Ember-parrotfish, Scarus rubroviolaceus","[272, 2447, 963, 392]",D:\scratchpad\suchi-textbook-work\output\images\fig_453_Fig_453_Ember_parrotfish_Sc.jpg,manual_recrop,ok,357,Scarus rubroviolaceus
150,454,"Fig. 454. Saddled-parrotfish, Scarus scaber","[1330, 2450, 1026, 409]",D:\scratchpad\suchi-textbook-work\output\images\fig_454_Fig_454_Saddled_parrotfish.jpg,manual_recrop,ok,358,Scarus scaber
150,455,"Fig. 455. Thorny seahorse, Hippocampus histrix","[270, 3035, 997, 372]",D:\scratchpad\suchi-textbook-work\output\images\fig_455_Fig_455_Thorny_seahorse_Hip.jpg,manual_recrop,ok,359,Hippocampus histrix
151,457,"Fig. 457. Alligator-pipefish, Syngnathoides biaculeatus","[272, 378, 1015, 366]",D:\scratchpad\suchi-textbook-work\output\images\fig_457_Fig_457_Alligator_pipefish.jpg,cv_layout,ok,360,Syngnathoides biaculeatus
151,458,"Fig. 458. Blue-striped pipefish, Doryramphus excisus","[1337, 384, 1019, 360]",D:\scratchpad\suchi-textbook-work\output\images\fig_458_Fig_458_Blue_striped_pipefis.jpg,cv_layout,ok,361,Doryramphus excisus
151,459,"Fig. 459. Ringed pipefish, Doryrhamphus dactylophorus","[277, 952, 1024, 260]",D:\scratchpad\suchi-textbook-work\output\images\fig_459_Fig_459_Ringed_pipefish_D.jpg,cv_layout,ok,362,Doryrhamphus dactylophorus
151,460,"Fig. 460. Pipefish, Choeroichthys sculptus","[1416, 1016, 881, 180]",D:\scratchpad\suchi-textbook-work\output\images\fig_460_Fig_460_Pipe_fish_Choeroich.jpg,cv_layout,ok,363,Choeroichthys sculptus
151,461,"Fig. 461. Sargassumfish, Histrio histrio","[273, 1396, 1027, 495]",D:\scratchpad\suchi-textbook-work\output\images\fig_046_Fig_46_Sargassum_fish_Bist.jpg,cv_layout,ok,364,Histrio histrio
151,462,"Fig. 462. Razorfish, Aeoliscus strigatus","[1350, 1394, 1007, 334]",D:\scratchpad\suchi-textbook-work\output\images\fig_462_Fig_462_Razorfish_Aeoliscus.jpg,cv_layout,ok,365,Aeoliscus strigatus
151,463,"Fig. 463. Marbled hawkfish, Cirrhitus pinnulatus","[316, 2078, 951, 405]",D:\scratchpad\suchi-textbook-work\output\images\fig_463_Fig_463_Marbled_hawkfisb_Ci.jpg,cv_layout,ok,366,Cirrhitus pinnulatus
151,464,"Fig. 464. Black-sided hawkfish, Paracirrhites forsteri","[1345, 2034, 1023, 451]",D:\scratchpad\suchi-textbook-work\output\images\fig_464_Fig_464_Black_sided_hawk.jpg,cv_layout,ok,367,Paracirrhites forsteri
151,465,"Fig. 465. Falco hawkfish, Cirrhitichthys falco","[273, 2687, 1036, 559]",D:\scratchpad\suchi-textbook-work\output\images\fig_465_Fig_465_Falco_hawkfish_Cirr.jpg,cv_layout,ok,368,Cirrhitichthys falco
151,466,"Fig. 466. Hawkfish, Paracirrhites forsteri, colour variant","[1347, 2688, 1027, 558]",D:\scratchpad\suchi-textbook-work\output\images\fig_466_Fig_466_Hawk_fish_Paracirr.jpg,cv_layout,ok,369,Paracirrhites forsteri
152,469,"Fig. 469. White-spotted rockcod, Epinephelus caeruleopunctatus","[275, 966, 817, 413]",D:\scratchpad\suchi-textbook-work\output\images\fig_469_Fig_469_White_spotted_rockco.jpg,manual_recrop,ok,370,Epinephelus caeruleopunctatus
152,471,"Fig. 471. Coral hind, Cephalopholis miniata","[267, 1560, 1034, 508]",D:\scratchpad\suchi-textbook-work\output\images\fig_471_Fig_471_Coral_hind_Cephalo.jpg,manual_recrop,ok,371,Cephalopholis miniata
152,472,"Fig. 472. Blue and Yellow grouper, Epinephelus flavocaeruleus","[1370, 1571, 1022, 505]",D:\scratchpad\suchi-textbook-work\output\images\fig_472_Fig_472_Blue_and_Yellow_grou.jpg,manual_recrop,ok,372,Epinephelus flavocaeruleus
152,473,"Fig. 473. Soapfish, Grammistes sexlineatus","[264, 2239, 1039, 418]",D:\scratchpad\suchi-textbook-work\output\images\fig_473_Fig_473_Soapfish_Grammistes.jpg,manual_recrop,ok,373,Grammistes sexlineatus
152,474,"Fig. 474. Bridled monocle bream, Scolopsis bilineatus","[1347, 2236, 1043, 432]",D:\scratchpad\suchi-textbook-work\output\images\fig_474_Fig_474_Bridled_monocl_e_bea.jpg,manual_recrop,ok,374,Scolopsis bilineatus
152,475,"Fig. 475. Humpback scorpionfish, Scorpaenopsis gibbosa (Young)","[255, 2836, 1049, 500]",D:\scratchpad\suchi-textbook-work\output\images\fig_475_Fig_475_Humpback_scorpionf.jpg,manual_recrop,ok,375,Scorpaenopsis gibbosa
152,476,"Fig. 476. Stonefish, Synanceia verrucosa","[1349, 2840, 1047, 498]",D:\scratchpad\suchi-textbook-work\output\images\fig_476_Fig_476_Stonefish_Synanceia.jpg,manual_recrop,ok,376,Synanceia verrucosa
153,477,"Fig. 477. Radiant firefish, Pterois radiata","[247, 416, 938, 613]",D:\scratchpad\suchi-textbook-work\output\images\fig_477_Fig_477_Radiant_firefish_Pt.jpg,cv_layout,ok,377,Pterois radiata
153,478,"Fig. 478. Shortfin turkeyfish, Dendrochirus brachypterus","[1304, 424, 1017, 614]",D:\scratchpad\suchi-textbook-work\output\images\fig_478_Fig_478_Shortfin_turkyfish.jpg,cv_layout,ok,378,Dendrochirus brachypterus
153,479,"Fig. 479. Red lionfish, Pterois volitans","[241, 1200, 1030, 586]",D:\scratchpad\suchi-textbook-work\output\images\fig_047_Fig_47_9_Red_firlefish_Pter.jpg,cv_layout,ok,379,Pterois volitans
153,480,"Fig. 480. Yellow-spotted rabbitfish, Siganus guttatus","[1301, 1206, 1018, 577]",D:\scratchpad\suchi-textbook-work\output\images\fig_480_Fig_480_Yellow_spotted_rabbi.jpg,cv_layout,ok,380,Siganus guttatus
153,481,"Fig. 481. Barred rabbitfish, Siganus virgatus","[245, 1951, 1022, 480]",D:\scratchpad\suchi-textbook-work\output\images\fig_048_Fig_48t_Barred_r_abbitfish.jpg,cv_layout,ok,381,Siganus virgatus
153,482,"Fig. 482. Dark-banded fusilier, Pterocaesio tile","[1306, 1957, 1011, 470]",D:\scratchpad\suchi-textbook-work\output\images\fig_482_Fig_482_Dark_banded_fusilier.jpg,cv_layout,ok,382,Pterocaesio tile
153,483,"Fig. 483. One-stripe fusilier, Pterocaesio tessellata","[249, 2608, 1021, 617]",D:\scratchpad\suchi-textbook-work\output\images\fig_483_Fig_483_One_stripe_Fusilier.jpg,cv_layout,ok,383,Pterocaesio tessellata
153,484,"Fig. 484. Black-banded cardinalfish, Apogon cookii","[1304, 2611, 1010, 614]",D:\scratchpad\suchi-textbook-work\output\images\fig_484_Fig_484_BIaek_banded_cardina.jpg,cv_layout,ok,384,Apogon cookii
154,485,"Fig. 485. Iridescent cardinalfish, Apogon kallopterus","[270, 350, 1035, 487]",D:\scratchpad\suchi-textbook-work\output\images\fig_485_Fig_485_Iridescent_cardinalf.jpg,cv_layout,ok,385,Apogon kallopterus
154,486,"Fig. 486. Coral cardinalfish, Sphaeramia orbicularis","[1341, 339, 1042, 491]",D:\scratchpad\suchi-textbook-work\output\images\fig_486_Fig_486_Coral_cardinalfish.jpg,cv_layout,ok,386,Sphaeramia orbicularis
154,487,"Fig. 487. Tenlined cardinalfish, Cheilodipterus macrodon","[269, 982, 1033, 523]",D:\scratchpad\suchi-textbook-work\output\images\fig_048_Fig_48_7_Tenlined_cardina_f.jpg,cv_layout,ok,387,Cheilodipterus macrodon
154,488,"Fig. 488. Bengal snapper, Lutjanus bengalensis","[1341, 982, 1041, 524]",D:\scratchpad\suchi-textbook-work\output\images\fig_488_Fig_488_Be_gal_snapper_Lutj.jpg,cv_layout,ok,388,Lutjanus bengalensis
154,489,"Fig. 489. Checkered snapper, Lutjanus decussatus","[269, 1654, 999, 497]",D:\scratchpad\suchi-textbook-work\output\images\fig_489_Fig_489_Checkered_snapper_L.jpg,cv_layout,ok,389,Lutjanus decussatus
154,490,"Fig. 490. Humpback red snapper, Lutjanus gibbus","[1376, 1656, 1001, 494]",D:\scratchpad\suchi-textbook-work\output\images\fig_490_Fig_490_Hump_back_redsnapper.jpg,cv_layout,ok,390,Lutjanus gibbus
154,491,"Fig. 491. Blubber-lip snapper, Lutjanus rivulatus","[267, 2298, 935, 485]",D:\scratchpad\suchi-textbook-work\output\images\fig_491_Fig_491_Blubber_lip_snapper.jpg,cv_layout,ok,391,Lutjanus rivulatus
154,492,"Fig. 492. Emperor red snapper, Lutjanus sebae","[1548, 2298, 829, 491]",D:\scratchpad\suchi-textbook-work\output\images\fig_492_Fig_492_Emperor_redsnapper.jpg,cv_layout,ok,392,Lutjanus sebae
154,493,"Fig. 493. Horned sole, Aesopia cornuta","[313, 2959, 765, 384]",D:\scratchpad\suchi-textbook-work\output\images\fig_493_Fig_493_Horned_sole_Aesopia.jpg,cv_layout,ok,393,Aesopia cornuta
154,494,"Fig. 494. Speckled sole, Pardachirus marmoratus","[1498, 2947, 879, 409]",D:\scratchpad\suchi-textbook-work\output\images\fig_494_Fig_494_Speckled_sole_Par.jpg,cv_layout,ok,394,Pardachirus marmoratus
155,496,"Fig. 496. Lizardfish, Synodus sp.","[1363, 350, 1008, 404]",D:\scratchpad\suchi-textbook-work\output\images\fig_496_Fig_496_Lizardfish_Synodus.jpg,manual_recrop,ok,395,Synodus sp.
155,497,"Fig. 497. Coral goby, Gobiodon citrinus","[338, 923, 942, 404]",D:\scratchpad\suchi-textbook-work\output\images\fig_497_Fig_497_Coral_goby_Gobiodon.jpg,manual_recrop,ok,396,Gobiodon citrinus
155,498,"Fig. 498. Midas blenny, Ecsenius midas","[1365, 928, 1001, 405]",D:\scratchpad\suchi-textbook-work\output\images\fig_498_Fig_498_Midas_bleny_Esceniu.jpg,manual_recrop,ok,397,Ecsenius midas
155,499,"Fig. 499. Spotted eagle ray, Aetobatus narinari","[266, 1449, 1053, 642]",D:\scratchpad\suchi-textbook-work\output\images\fig_499_Fig_4_99_Spotted_Eagleray.jpg,manual_recrop,ok,398,Aetobatus narinari
155,500,"Fig. 500. Feather-tail stingray, Hypolophus sephen","[1395, 1457, 970, 653]",D:\scratchpad\suchi-textbook-work\output\images\fig_500_Fig_500_Feather_tail_stingra.jpg,manual_recrop,ok,399,Hypolophus sephen
155,502,"Fig. 502. Zebra shark, Stegostoma fasciatum","[1358, 2269, 1007, 367]",D:\scratchpad\suchi-textbook-work\output\images\fig_502_Fig_502_Zebrashark_Stegosto.jpg,manual_recrop,ok,400,Stegostoma fasciatum
155,503,"Fig. 503. Grey-reef shark, Carcharhinus amblyrhynchos","[311, 2929, 999, 362]",D:\scratchpad\suchi-textbook-work\output\images\fig_503_Fig_503_Gr_cy_reef_shark_Car.jpg,manual_recrop,ok,401,Carcharhinus amblyrhynchos
155,504,"Fig. 504. Blacktip reef shark, Carcharhinus melanopterus","[1361, 2926, 1004, 367]",D:\scratchpad\suchi-textbook-work\output\images\fig_504_Fig_504_Black_tip_reefshark.jpg,manual_recrop,ok,402,Carcharhinus melanopterus
156,505,"Fig. 505. Scalloped hammerhead shark, Sphyrna lewini","[314, 388, 1013, 374]",D:\scratchpad\suchi-textbook-work\output\images\fig_050_Fig_50S_Scalloped_hammerhead.jpg,manual_recrop,ok,403,Sphyrna lewini
156,506,"Fig. 506. Oceanic whitetip shark, Carcharhinus longimanus","[1378, 374, 1030, 391]",D:\scratchpad\suchi-textbook-work\output\images\fig_506_Fig_506_Oceanic_White_tip_sh.jpg,manual_recrop,recropped,404,Carcharhinus longimanus
156,507,"Fig. 507. Smooth hammerhead shark, Sphyrna zygaena","[299, 927, 1030, 474]",D:\scratchpad\suchi-textbook-work\output\images\fig_507_Fig_507_Hammerheaded_shark.jpg,manual_recrop,ok,405,Sphyrna zygaena
156,508,"Fig. 508. Giant trevally, Caranx ignobilis","[1377, 929, 1030, 479]",D:\scratchpad\suchi-textbook-work\output\images\fig_508_Fig_508_Giant_trevalley_Car.jpg,manual_recrop,ok,406,Caranx ignobilis
156,510,"Fig. 510. Copper sweeper, Pempheris oualensis","[1374, 1570, 1033, 449]",D:\scratchpad\suchi-textbook-work\output\images\fig_510_Fig_5_o_Copper_sweeper_Pemp.jpg,manual_recrop,ok,407,Pempheris oualensis
156,511,"Fig. 511. Longnose leatherjacket, Oxymonacanthus longirostris","[298, 2181, 1028, 474]",D:\scratchpad\suchi-textbook-work\output\images\fig_511_Fig_511_Long_nose_leatherjac.jpg,manual_recrop,ok,408,Oxymonacanthus longirostris
156,512,"Fig. 512. Yellow-spotted triggerfish, Pseudobalistes fuscus","[1372, 2179, 1031, 483]",D:\scratchpad\suchi-textbook-work\output\images\fig_512_Fig_512_Yellow_spotted_trigg.jpg,manual_recrop,ok,409,Pseudobalistes fuscus
156,513,"Fig. 513. Clown triggerfish, Balistoides conspicillum","[303, 2823, 1020, 527]",D:\scratchpad\suchi-textbook-work\output\images\fig_513_Fig_513_Ciown_trigg_erfish.jpg,manual_recrop,ok,410,Balistoides conspicillum
156,514,"Fig. 514. Titan triggerfish, Balistoides viridescens","[1390, 2841, 1006, 532]",D:\scratchpad\suchi-textbook-work\output\images\fig_514_Fig_51_4_Titan_trigg_erfish.jpg,manual_recrop,ok,411,Balistoides viridescens
157,515,"Fig. 515. Red-tooth triggerfish, Odonus niger","[306, 413, 1025, 661]",D:\scratchpad\suchi-textbook-work\output\images\fig_515_Fig_515_Red_tooth_triggerfis.jpg,cv_layout,ok,412,Odonus niger
157,516,"Fig. 516. Wedge-tailed triggerfish, Rhinecanthus rectangulus","[1371, 426, 1015, 652]",D:\scratchpad\suchi-textbook-work\output\images\fig_516_Fig_516_Wedge_tailed_trigger.jpg,cv_layout,ok,413,Rhinecanthus rectangulus
157,517,"Fig. 517. Blackpatch trigger, Rhinecanthus verrucosus","[317, 1272, 994, 558]",D:\scratchpad\suchi-textbook-work\output\images\fig_517_Fig_517_Blackpatch_trigger.jpg,cv_layout,ok,414,Rhinecanthus verrucosus
157,518,"Fig. 518. Black-bar trigger, Rhinecanthus aculeatus","[1369, 1270, 1014, 590]",D:\scratchpad\suchi-textbook-work\output\images\fig_518_Fig_518_Black_bar_trigger_R.jpg,cv_layout,ok,415,Rhinecanthus aculeatus
157,519,"Fig. 519. Black-spotted puffer, Arothron nigropunctatus","[369, 2099, 934, 300]",D:\scratchpad\suchi-textbook-work\output\images\fig_519_Fig_519_Black_spotted_puffer.jpg,cv_layout,ok,416,Arothron nigropunctatus
157,520,"Fig. 520. Scribbled-puffer, Arothron mappa","[1368, 2050, 1014, 433]",D:\scratchpad\suchi-textbook-work\output\images\fig_520_Fig_520_Scribbled_puffer_Ar.jpg,cv_layout,ok,417,Arothron mappa
157,521,"Fig. 521. Black-spotted puffer, Arothron nigropunctatus","[307, 2673, 1023, 602]",D:\scratchpad\suchi-textbook-work\output\images\fig_521_Fig_521_Black_spotted_puffer.jpg,cv_layout,ok,418,Arothron nigropunctatus
157,522,"Fig. 522. A pufferfish inflated with air, Arothron sp.","[1360, 2670, 1021, 589]",D:\scratchpad\suchi-textbook-work\output\images\fig_522_Fig_522_A_pufierfish_inflate.jpg,cv_layout,ok,419,Arothron sp.
158,524,"Fig. 524. Yellow boxfish, Ostracion cubicus (Juvenile)","[1347, 551, 1026, 537]",D:\scratchpad\suchi-textbook-work\output\images\fig_524_Fig_524_Yellow_boxfish_Ostr.jpg,manual_recrop,ok,420,Ostracion cubicus
158,525,Fig. 525. Adult of Ostracion cubicus,"[261, 1281, 1009, 454]",D:\scratchpad\suchi-textbook-work\output\images\fig_525_Fig_525_Adult_of_Ostracion_c.jpg,manual_recrop,ok,421,Ostracion cubicus
158,526,"Fig. 526. White-spotted boxfish, Ostracion meleagris","[1333, 1304, 1034, 446]",D:\scratchpad\suchi-textbook-work\output\images\fig_526_Fig_526_White_spotted_boxfis.jpg,manual_recrop,ok,422,Ostracion meleagris
158,527,"Fig. 527. Long-horn cowfish, Lactoria cornuta","[295, 1981, 958, 419]",D:\scratchpad\suchi-textbook-work\output\images\fig_527_Fig_527_Long_horn_cowfish.jpg,manual_recrop,ok,423,Lactoria cornuta
158,528,"Fig. 528. Brown phase of puffer, Arothron nigropunctatus","[1340, 1983, 1029, 465]",D:\scratchpad\suchi-textbook-work\output\images\fig_528_Fig_528_Brown_phase_of_Puffe.jpg,manual_recrop,ok,424,Arothron nigropunctatus
158,529,"Fig. 529. Balloon porcupinefish, Diodon holocanthus","[264, 2634, 1023, 429]",D:\scratchpad\suchi-textbook-work\output\images\fig_529_Fig_529_Baloon_Porcupine_fis.jpg,manual_recrop,ok,425,Diodon holocanthus
158,530,"Fig. 530. Foxface rabbitfish, Siganus magnificus","[1339, 2648, 1029, 454]",D:\scratchpad\suchi-textbook-work\output\images\fig_530_Fig_530_Fox_face_rabbitfish.jpg,manual_recrop,ok,426,Siganus magnificus
159,531,"Fig. 531. Green Sea turtle, Chelonia mydas.","[308, 2680, 1282, 679]",D:\scratchpad\suchi-textbook-work\output\images\fig_531_Fig_531_Green_Sea_turtle_Ch.jpg,cv_layout,ok,427,Chelonia mydas
159,532,Fig. 532. Eggs of Green Sea turtle.,"[1609, 2689, 787, 620]",D:\scratchpad\suchi-textbook-work\output\images\fig_532_Fig_532_Eggs_of_Green_Sea_tu.jpg,cv_layout,ok,428,Chelonia mydas
160,535,Fig. 534. Hatchlings of Green sea turtle. Fig. 535. Hatchling of leatherback turtle,"[298, 453, 1018, 658]",D:\scratchpad\suchi-textbook-work\output\images\fig_535_Fig_53s_Hatchlings_of_Green.jpg,manual_recrop,ok,429,
160,536,"Fig. 536. Hawksbill sea turtle, Eretmochelys imbricata squamata","[1362, 1227, 1030, 676]",D:\scratchpad\suchi-textbook-work\output\images\fig_536_Fig_536_Hawk_s_bill_sea_tu.jpg,manual_recrop,ok,430,Eretmochelys imbricata squamata
160,537,"Fig. 537. Olive ridley turtle, Lepidochelys olivacea","[306, 2059, 2083, 1257]",D:\scratchpad\suchi-textbook-work\output\images\fig_537_Fig_537_Olive_ridley_turtle.jpg,manual_recrop,ok,431,Lepidochelys olivacea
160,538,Fig. 538. Olive ridley laying eggs,"[1585, 2069, 807, 522]",D:\scratchpad\suchi-textbook-work\output\images\fig_538_Fig_538_Olive_ridley_layin_g.jpg,manual_recrop,ok,432,Lepidochelys olivacea
161,539,"Fig. 539. Amphibious sea snakes, Laticauda colubrina","[328, 2034, 1014, 541]",D:\scratchpad\suchi-textbook-work\output\images\fig_539_Fig_539_Amphibious_sea_snake.jpg,manual_recrop,ok,433,Laticauda colubrina
161,541,Fig. 541. Laticauda laticaudata on rocky shore for egg laying,"[327, 2698, 1352, 860]",D:\scratchpad\suchi-textbook-work\output\images\fig_541_Fig_541_Laticauda_laticauda.jpg,manual_recrop,ok,434,Laticauda laticaudata
162,542,"Fig. 542. Reef heron, Egretta sacra","[267, 2653, 1028, 713]",D:\scratchpad\suchi-textbook-work\output\images\fig_542_Fig_542_Reef_heron_Egretta.jpg,manual_recrop,ok,435,Egretta sacra
163,544,"Fig. 544. Little egret, Egretta garzetta","[286, 279, 1013, 572]",D:\scratchpad\suchi-textbook-work\output\images\fig_544_Fig_544_Little_egret_Egrett.jpg,manual_recrop,ok,436,Egretta garzetta
163,547,"Fig. 547. Indian Pond heron, Ardeola grayii (Breeding phase)","[1342, 942, 1009, 527]",D:\scratchpad\suchi-textbook-work\output\images\fig_547_Fig_54_7_Indian_Pond_heron.jpg,manual_recrop,ok,437,Ardeola grayii
163,548,"Fig. 548. White-collared kingfisher, Todiramphus chloris","[290, 1635, 1009, 540]",D:\scratchpad\suchi-textbook-work\output\images\fig_548_Fig_548_White_collared_k.jpg,manual_recrop,ok,438,Todiramphus chloris
163,549,"Fig. 549. White-breasted kingfisher, Halcyon smyrnensis","[1342, 1628, 1009, 546]",D:\scratchpad\suchi-textbook-work\output\images\fig_549_Fig_549_White_breasted_Kfish.jpg,manual_recrop,ok,439,Halcyon smyrnensis
163,550,"Fig. 550. Little ringed plover, Charadrius dubius (Non-breeding phase)","[273, 2300, 1009, 468]",D:\scratchpad\suchi-textbook-work\output\images\fig_550_Fig_550_LitUerlnged_plover.jpg,manual_recrop,ok,440,Charadrius dubius
163,551,"Fig. 551. Black-napped tern, Sterna sumatrana","[1345, 2307, 519, 465]",D:\scratchpad\suchi-textbook-work\output\images\fig_551_Fig_S5t_Black_napped_tern_St.jpg,manual_recrop,ok,441,Sterna sumatrana
163,552,"Fig. 552. Tern eggs, Sterna sumatrana","[1864, 2316, 476, 459]",D:\scratchpad\suchi-textbook-work\output\images\fig_552_Fig_552_Tern_eggs_Sterna_su.jpg,manual_recrop,ok,442,Sterna sumatrana
163,553,"Fig. 553. White-bellied sea eagle, Haliaeetus leucogaster","[297, 2909, 1163, 594]",D:\scratchpad\suchi-textbook-work\output\images\fig_553_Fig_553_White_bellied_sea_ea.jpg,manual_recrop,ok,443,Haliaeetus leucogaster
165,555,Fig. 555. Common Dolphin near reefs.,"[300, 362, 2077, 1108]",D:\scratchpad\suchi-textbook-work\output\images\fig_555_Fig_555_Common_Dolphin_near.jpg,cv_layout,ok,444,Delphinus delphis
168,556,Fig. 556. Reef exposed due to 26th Dec. 2004 earthquake.,"[247, 1626, 1031, 629]",D:\scratchpad\suchi-textbook-work\output\images\fig_556_Fig_556_Reef_exposed_due_to.jpg,manual_recrop,ok,445,
168,557,Fig. 557. Extensive damage of corals at Interview Island after tsunami.,"[1324, 1617, 1029, 639]",D:\scratchpad\suchi-textbook-work\output\images\fig_557_Fig_557_Extensive_damage_of.jpg,manual_recrop,ok,446,
169,560,Fig. 560. Permanent exposure of reef around the islands,"[273, 318, 1009, 636]",D:\scratchpad\suchi-textbook-work\output\images\fig_560_Fig_560_Permanent_exposure_o.jpg,manual_recrop,ok,447,
169,562,Fig. 562. Permanently exposed intertidal reef at East Island,"[273, 1093, 1011, 614]",D:\scratchpad\suchi-textbook-work\output\images\fig_562_Fig_562_Permanently_exposed.jpg,manual_recrop,ok,448,
169,563,Fig. 563. Partially submerged island due to earthquake & tsunami,"[1331, 1094, 1002, 612]",D:\scratchpad\suchi-textbook-work\output\images\fig_563_Fig_563_Partially_submerged.jpg,manual_recrop,ok,449,
169,564,Fig. 564. Devastated north end coastal belt of Car Nicobar Island,"[280, 1854, 1007, 603]",D:\scratchpad\suchi-textbook-work\output\images\fig_564_Fig_564_Devastated_north_end.jpg,manual_recrop,ok,450,
169,565,Fig. 565. Huge coral blocks washed ashore due to tsunami,"[1328, 1858, 1005, 596]",D:\scratchpad\suchi-textbook-work\output\images\fig_565_Fig_565_H_uge_coral_blocks_w.jpg,manual_recrop,ok,451,
169,566,Fig. 566. Large chunk of red coral Tubipora musica on shore,"[276, 2608, 1011, 668]",D:\scratchpad\suchi-textbook-work\output\images\fig_566_Fig_566_arge_chunk_of_Red_cor.jpg,manual_recrop,ok,452,Tubipora musica
169,567,Fig. 567. Huge Porites coral block washed ashore during tsunami,"[1461, 2584, 876, 693]",D:\scratchpad\suchi-textbook-work\output\images\fig_567_Fig_56_Huge_Porites_coral.jpg,manual_recrop,ok,453,Porites sp.
170,568,Fig. 568. Sand mining on Island beach.,"[242, 445, 1039, 626]",D:\scratchpad\suchi-textbook-work\output\images\fig_568_Fig_568_Sand_mIning_on_Islan.jpg,manual_recrop,ok,454,
170,569,Fig. 569. Reef flat damage due to bleaching spray for collection of small fish.,"[1323, 455, 1035, 616]",D:\scratchpad\suchi-textbook-work\output\images\fig_569_Fig_569_Reef_flat_damage_due.jpg,manual_recrop,ok,455,
170,570,"Fig. 570. Use of bleaching powder for collection of fish, crabs etc., an act of ignorance.","[252, 1260, 1032, 626]",D:\scratchpad\suchi-textbook-work\output\images\fig_570_Fig_570_Use_of_ble_aching_po.jpg,manual_recrop,ok,456,
170,571,Fig. 571. Destruction of corals due to fishing nets.,"[1327, 1253, 1032, 633]",D:\scratchpad\suchi-textbook-work\output\images\fig_571_Fig_571_Destruction_of_cora.jpg,manual_recrop,ok,457,
26,12,Fig. 12. Panoramic aerial view of Little Andaman.,"[267, 422, 2109, 1335]",D:\scratchpad\suchi-textbook-work\output\images\fig_manual_12_p26.jpg,manual_added,ok,458,
26,13,"Fig. 13. Southernmost point of island chain, Indira Point (Great Nicobar).","[270, 2122, 2101, 1224]",D:\scratchpad\suchi-textbook-work\output\images\fig_manual_13_p26.jpg,manual_added,ok,459,
