figure_id,file_name,page_number,figure_number,scientific_name,genus,species,has_verified_binomial,caption,img_width,img_height,curation_method,review_status
coral_fig_001,images/coral_fig_001_p021.jpg,21,1,,,,False,Fig. 1. Types of coral reefs and their evolution,2079,797,cv_layout,ok
coral_fig_002,images/coral_fig_002_p021.jpg,21,2,,,,False,Fig. 2. Zonation of a typical Fringing reef (after A.T. White 1987),2070,761,cv_layout,ok
coral_fig_003,images/coral_fig_003_p021.jpg,21,3,,,,False,Fig. 3. The New Millennium sun rays on the emerald blue Island waters,1817,1083,cv_layout,ok
coral_fig_004,images/coral_fig_004_p022.jpg,22,4,,,,False,Fig. 4. Aerial view of reef around islands,2113,1231,cv_layout,ok
coral_fig_005,images/coral_fig_005_p022.jpg,22,5,,,,False,Fig. 5. A view of Island projected from mid-sea,2088,744,cv_layout,ok
coral_fig_006,images/coral_fig_006_p023.jpg,23,6,,,,False,Fig. 6. A view of Landfall Island from East Island.,2078,1160,cv_layout,ok
coral_fig_007,images/coral_fig_007_p023.jpg,23,7,,,,False,Fig. 7. A view of shallow reef around island.,2071,1144,cv_layout,ok
coral_fig_008,images/coral_fig_008_p024.jpg,24,8,,,,False,"Fig. 8. Aerial View of Cinque Islands, South Andaman.",2119,1484,cv_layout,ok
coral_fig_009,images/coral_fig_009_p024.jpg,24,9,,,,False,Fig. 9. A view of North Button Island Sanctuary.,2112,1320,cv_layout,ok
coral_fig_010,images/coral_fig_010_p025.jpg,25,10,,,,False,Fig. 10. Rocky coast of Inglish Island,2082,1189,cv_layout,ok
coral_fig_011,images/coral_fig_011_p025.jpg,25,11,,,,False,Fig. 11. View of West coast of Interview Island,2072,1396,cv_layout,ok
coral_fig_012,images/coral_fig_012_p026.jpg,26,12,,,,False,Fig. 12. Panoramic aerial view of Little Andaman.,2109,1335,manual_added,ok
coral_fig_013,images/coral_fig_013_p026.jpg,26,13,,,,False,"Fig. 13. Southernmost point of island chain, Indira Point (Great Nicobar).",2101,1224,manual_added,ok
coral_fig_014,images/coral_fig_014_p027.jpg,27,14,,,,False,Fig. 14. A view of Chowra Island (Nicobar Group),2073,1452,cv_layout,ok
coral_fig_015,images/coral_fig_015_p027.jpg,27,15,,,,False,Fig. 15. Teressa Island (Nicobar Group),2077,889,cv_layout,ok
coral_fig_016,images/coral_fig_016_p028.jpg,28,16,,,,False,Fig. 16. A shallow reef exposed during low tide,2075,3230,llm_fallback,ok
coral_fig_017,images/coral_fig_017_p031.jpg,31,22,,,,False,Fig. 22. A reef slope with corals,1975,3222,llm_fallback,ok
coral_fig_018,images/coral_fig_018_p032.jpg,32,24,,,,False,Fig. 24. A shallow reef with diverse coral colonies,2109,1286,manual_recrop,ok
coral_fig_019,images/coral_fig_019_p032.jpg,32,26,,,,False,Fig. 26. Underwater videography studies by the author.,2393,1628,llm_fallback,ok
coral_fig_020,images/coral_fig_020_p037.jpg,37,27,Sargassum sp.,Sargassum,sp.,False,Fig. 27. Extensive patches of Sargassum sp. weeds in intertidal reef area.,1699,780,cv_layout,ok
coral_fig_021,images/coral_fig_021_p037.jpg,37,28,Turbinaria ornata,Turbinaria,ornata,True,Fig. 28. Mats of Turbinaria ornata on reef flat.,1695,821,cv_layout,ok
coral_fig_022,images/coral_fig_022_p037.jpg,37,29,Gracilaria millardii,Gracilaria,millardii,True,"Fig. 29. Common shallow red algae, Gracilaria millardii.",1690,1115,cv_layout,ok
coral_fig_023,images/coral_fig_023_p038.jpg,38,31,Gracilaria crassa,Gracilaria,crassa,True,Fig. 31. Gracilaria crassa on a rocky reef,1040,827,manual_recrop,ok
coral_fig_024,images/coral_fig_024_p038.jpg,38,30,,,,False,Fig. 30. Prolific growth of algae on dead corals,1025,826,manual_recrop,ok
coral_fig_025,images/coral_fig_025_p038.jpg,38,33,Turbinaria ornata,Turbinaria,ornata,True,"Fig. 32. Common sea weed, Turbinaria ornata",1488,987,manual_recrop,ok
coral_fig_026,images/coral_fig_026_p039.jpg,39,35,Gracilaria sp.,Gracilaria,sp.,False,Fig. 35. Extensive patches of Gracilaria sp.,1020,713,cv_layout,ok
coral_fig_027,images/coral_fig_027_p039.jpg,39,34,Sargassum whitii,Sargassum,whitii,True,"Fig. 34. Shallow water seaweed, Sargassum whitii",1026,659,cv_layout,ok
coral_fig_028,images/coral_fig_028_p039.jpg,39,37,Thalassia hemprichii,Thalassia,hemprichii,True,"Fig. 37. Seagrass, Thalassia hemprichii",1367,2047,cv_layout,ok
coral_fig_029,images/coral_fig_029_p040.jpg,40,36,Cymodocea sp.,Cymodocea,sp.,False,"Fig. 36. Seagrass, Cymodocea sp.",1603,920,manual_recrop,ok
coral_fig_030,images/coral_fig_030_p040.jpg,40,38,,,,False,"Fig. 38. Seagrass, Enbalus acoroides",1606,915,manual_recrop,ok
coral_fig_031,images/coral_fig_031_p043.jpg,43,42,,,,False,Fig. 42. An encrusted sponge on dead coral colony.,1024,772,cv_layout,ok
coral_fig_032,images/coral_fig_032_p043.jpg,43,43,Xestospongia sp.,Xestospongia,sp.,False,"Fig. 43. Shallow water sponge, Xestospongia sp.",1012,767,cv_layout,ok
coral_fig_033,images/coral_fig_033_p043.jpg,43,44,Haliclona sp.,Haliclona,sp.,False,Fig. 44. Encrusted shallow water sponge Haliclona sp.,1023,840,cv_layout,ok
coral_fig_034,images/coral_fig_034_p043.jpg,43,45,,,,False,Fig. 45. Extensive growth of sponge.,1014,836,cv_layout,ok
coral_fig_035,images/coral_fig_035_p043.jpg,43,47,Haliclona sp.,Haliclona,sp.,False,"Fig. 47. A sponge, Haliclona sp., on coral rubble.",1009,826,cv_layout,ok
coral_fig_036,images/coral_fig_036_p043.jpg,43,46,Phyllospongia foliascens,Phyllospongia,foliascens,True,"Fig. 46. Cup-like sponge, Phyllospongia foliascens.",1022,821,cv_layout,ok
coral_fig_037,images/coral_fig_037_p044.jpg,44,49,Stylotella sp.,Stylotella,sp.,False,"Fig. 49. Bright yellow sponge, Stylotella sp.",1038,819,cv_layout,ok
coral_fig_038,images/coral_fig_038_p044.jpg,44,48,Xestospongia testudinaria,Xestospongia,testudinaria,True,"Fig. 48. A beautiful barrel sponge, Xestospongia testudinaria",1035,814,cv_layout,ok
coral_fig_039,images/coral_fig_039_p044.jpg,44,50,Spirastrella inconstans,Spirastrella,inconstans,True,"Fig. 50. Shallow reef sponge, Spirastrella inconstans",1032,746,cv_layout,ok
coral_fig_040,images/coral_fig_040_p044.jpg,44,51,Phyllospongia lamellosa,Phyllospongia,lamellosa,True,"Fig. 51. Cluster of cup sponge, Phyllospongia lamellosa",1041,740,cv_layout,ok
coral_fig_041,images/coral_fig_041_p044.jpg,44,52,Xestospongia exigua,Xestospongia,exigua,True,"Fig. 52. Barrel sponge, Xestospongia exigua",864,1088,cv_layout,ok
coral_fig_042,images/coral_fig_042_p046.jpg,46,55,Millepora sp.,Millepora,sp.,False,"Fig. 55. Colony of Millepora sp., among hard coral colonies.",1035,870,manual_recrop,ok
coral_fig_043,images/coral_fig_043_p046.jpg,46,56,Millepora sp.,Millepora,sp.,False,"Fig. 56. Massive colony of stinging coral, Millepora sp.",1040,866,manual_recrop,ok
coral_fig_044,images/coral_fig_044_p047.jpg,47,57,,,,False,Fig. 57. Oral view of a jellyfish.,1020,851,manual_recrop,ok
coral_fig_045,images/coral_fig_045_p047.jpg,47,58,,,,False,Fig. 58. Common jellyfish of the reefs.,1006,816,manual_recrop,ok
coral_fig_046,images/coral_fig_046_p049.jpg,49,59,Heteractis magnifica,Heteractis,magnifica,True,"Fig. 59. Sea anemone, Heteractis magnifica with clownfishes",1272,709,cv_layout,ok
coral_fig_047,images/coral_fig_047_p049.jpg,49,60,Radianthus sp.,Radianthus,sp.,False,"Fig. 60. Sea anemone, Radianthus sp.",1269,748,cv_layout,ok
coral_fig_048,images/coral_fig_048_p050.jpg,50,62,Stichodactylus sp.,Stichodactylus,sp.,False,"Fig. 62. Sea anemone, Stichodactylus sp. among coral colonies",1055,790,cv_layout,ok
coral_fig_049,images/coral_fig_049_p050.jpg,50,61,Heteractis magnifica,Heteractis,magnifica,True,"Fig. 61. Sea anemone, Heteractis magnifica in shallow water",1046,755,cv_layout,ok
coral_fig_050,images/coral_fig_050_p050.jpg,50,63,Cerianthus sp.,Cerianthus,sp.,False,"Fig. 63. Tube sea anemone, Cerianthus sp.",1619,1029,cv_layout,ok
coral_fig_051,images/coral_fig_051_p050.jpg,50,64,,,,False,Fig. 64. Clown and damsel fishes associate with sea anemone,1614,989,cv_layout,ok
coral_fig_052,images/coral_fig_052_p055.jpg,55,70,,,,False,Fig. 70. Coral colonies with their associated fauna.,1813,1169,cv_layout,ok
coral_fig_053,images/coral_fig_053_p056.jpg,56,71,Acropora aspera,Acropora,aspera,True,Fig. 71. Thicket of Acropora aspera,2367,3204,llm_fallback,ok
coral_fig_054,images/coral_fig_054_p057.jpg,57,74,Pocillopora eydouxi,Pocillopora,eydouxi,True,Fig. 74. Pocilopora eydouxi growing along with Porites sp.,1587,929,cv_layout,ok
coral_fig_055,images/coral_fig_055_p057.jpg,57,75,Pocillopora eydouxi,Pocillopora,eydouxi,True,Fig. 75. Close view of Pocillopora eydouxi,1585,918,cv_layout,ok
coral_fig_056,images/coral_fig_056_p057.jpg,57,76,Acropora sp.,Acropora,sp.,False,Fig. 76. Irregularly grown Acropora sp.,1586,947,cv_layout,ok
coral_fig_057,images/coral_fig_057_p059.jpg,59,80,Seriatopora hystrix,Seriatopora,hystrix,True,"Fig. 80. Common shallow coral, Seriatopora hystrix",1571,927,manual_recrop,ok
coral_fig_058,images/coral_fig_058_p059.jpg,59,81,Acropora digitifera,Acropora,digitifera,True,Fig. 81. Acropora digitifera in shallow waters,1575,904,manual_recrop,ok
coral_fig_059,images/coral_fig_059_p059.jpg,59,82,Acropora gemmifera,Acropora,gemmifera,True,"Fig. 82. A digitate coral, Acropora gemmifera",1570,911,manual_added,ok
coral_fig_060,images/coral_fig_060_p060.jpg,60,83,Acropora humilis,Acropora,humilis,True,Fig. 83. Small colony of Acropora humilis,1597,929,manual_recrop,ok
coral_fig_061,images/coral_fig_061_p060.jpg,60,84,Acropora granulosa,Acropora,granulosa,True,"Fig. 84. Plate coral, Acropora granulosa",1600,929,manual_recrop,ok
coral_fig_062,images/coral_fig_062_p060.jpg,60,85,Acropora hyacinthus,Acropora,hyacinthus,True,"Fig. 85. Plate coral, Acropora hyacinthus on shallow reef",1599,915,manual_added,ok
coral_fig_063,images/coral_fig_063_p061.jpg,61,86,Acropora nasuta,Acropora,nasuta,True,"Fig. 86. Digitate coral plate, Acropora nasuta",1586,934,cv_layout,ok
coral_fig_064,images/coral_fig_064_p061.jpg,61,87,Acropora sp.,Acropora,sp.,False,"Fig. 87. Branching coral, Acropora sp.",1585,913,cv_layout,ok
coral_fig_065,images/coral_fig_065_p061.jpg,61,88,Acropora palifera,Acropora,palifera,True,"Fig. 88. Robust branched coral, Acropora palifera",1582,939,cv_layout,ok
coral_fig_066,images/coral_fig_066_p062.jpg,62,89,Acropora robusta,Acropora,robusta,True,Fig. 89. Young colony of Acropora robusta,1632,949,cv_layout,ok
coral_fig_067,images/coral_fig_067_p062.jpg,62,90,Acropora digitifera,Acropora,digitifera,True,Fig. 90. A close view of Acropora digitifera,1601,939,cv_layout,ok
coral_fig_068,images/coral_fig_068_p062.jpg,62,91,Acropora samoensis,Acropora,samoensis,True,Fig. 91. Branching coral colonies of Acropora samoensis,1608,934,cv_layout,ok
coral_fig_069,images/coral_fig_069_p063.jpg,63,92,Acropora sp.,Acropora,sp.,False,Fig. 92. Robust branches of Acropora sp.,1585,929,cv_layout,ok
coral_fig_070,images/coral_fig_070_p063.jpg,63,93,Acropora aspera,Acropora,aspera,True,Fig. 93. Colony of Acropora aspera,1585,920,cv_layout,ok
coral_fig_071,images/coral_fig_071_p063.jpg,63,94,Acropora hyacinthus,Acropora,hyacinthus,True,Fig. 94. Acropora sp. overgrowing on Acropora hyacinthus,1581,918,cv_layout,ok
coral_fig_072,images/coral_fig_072_p064.jpg,64,95,Acropora clathrata,Acropora,clathrata,True,"Plate coral, Acropora clathrata",1607,929,manual_added,ok
coral_fig_073,images/coral_fig_073_p064.jpg,64,96,Acropora austera,Acropora,austera,True,Fig. 96. Reef fish hovering on Acropora austera.,1603,932,manual_recrop,ok
coral_fig_074,images/coral_fig_074_p064.jpg,64,97,Acropora sp.,Acropora,sp.,False,Fig. 97. Colonies of diverse Acropora species.,1600,935,manual_recrop,ok
coral_fig_075,images/coral_fig_075_p065.jpg,65,98,Oulophyllia crispa,Oulophyllia,crispa,True,Fig. 98. Massive Oulophyllia crispa (Lamarck) and Leptoria phrygia,1584,924,cv_layout,ok
coral_fig_076,images/coral_fig_076_p065.jpg,65,99,Echinopora lamellosa,Echinopora,lamellosa,True,Fig. 99. Encrusted form of Echinopora lamellosa,1586,888,cv_layout,ok
coral_fig_077,images/coral_fig_077_p065.jpg,65,100,Acropora sp.,Acropora,sp.,False,Fig. 100. Acropora sp. and Porites sp. colonies,1586,930,cv_layout,ok
coral_fig_078,images/coral_fig_078_p066.jpg,66,101,Montipora aequituberculata,Montipora,aequituberculata,True,"Fig. 101. Foliaceous coral, Montipora aequituberculata",1632,932,manual_recrop,ok
coral_fig_079,images/coral_fig_079_p066.jpg,66,102,Porites sp.,Porites,sp.,False,Fig. 102. Young colony of encrusted Porites sp.,1620,918,manual_added,ok
coral_fig_080,images/coral_fig_080_p066.jpg,66,103,Favia matthaii,Favia,matthaii,True,"Fig. 103. Massive coral, Favia matthaii",1624,991,manual_recrop,ok
coral_fig_081,images/coral_fig_081_p067.jpg,67,104,Favia favus,Favia,favus,True,"Fig. 104. Massive coral, Favia favus",1581,918,manual_recrop,ok
coral_fig_082,images/coral_fig_082_p067.jpg,67,105,Favia halicora,Favia,halicora,True,"Fig. 105. Massive coral, Favia halicora",1570,902,manual_recrop,ok
coral_fig_083,images/coral_fig_083_p067.jpg,67,106,Fungia echinata,Fungia,echinata,True,"Fig. 106. Mushroom coral, Fungia echinata",1580,919,manual_added,ok
coral_fig_084,images/coral_fig_084_p070.jpg,70,113,Leptoria phrygia,Leptoria,phrygia,True,Fig. 113. Massive colony of Leptoria phrygia,1608,939,cv_layout,ok
coral_fig_085,images/coral_fig_085_p070.jpg,70,114,Lobophyllia corymbosa,Lobophyllia,corymbosa,True,"Fig. 114. Brain coral, Lobophyllia corymbosa",1611,947,cv_layout,ok
coral_fig_086,images/coral_fig_086_p070.jpg,70,115,Merulina ampliata,Merulina,ampliata,True,"Fig. 115. Beautiful, encrusted coral, Merulina ampliata",1603,938,cv_layout,ok
coral_fig_087,images/coral_fig_087_p071.jpg,71,116,Montastrea sp.,Montastrea,sp.,False,Fig. 116. Colony of Montastrea sp.,1583,931,cv_layout,ok
coral_fig_088,images/coral_fig_088_p071.jpg,71,117,Cyphastrea sp.,Cyphastrea,sp.,False,Fig. 117. Encrusted colony of Cyphastrea sp.,1585,931,cv_layout,ok
coral_fig_089,images/coral_fig_089_p071.jpg,71,118,Montipora aequituberculata,Montipora,aequituberculata,True,Fig. 118. Curly plates of Montipora aequituberculata.,1579,931,cv_layout,ok
coral_fig_090,images/coral_fig_090_p072.jpg,72,119,Montipora sp.,Montipora,sp.,False,Fig. 119. Foliaceous growth of Montipora sp.,1619,953,cv_layout,ok
coral_fig_091,images/coral_fig_091_p072.jpg,72,120,Montipora sp.,Montipora,sp.,False,Fig. 120. Colony of Montipora sp.,1614,964,cv_layout,ok
coral_fig_092,images/coral_fig_092_p072.jpg,72,121,Symphyllia sp.,Symphyllia,sp.,False,Fig. 121. Brain coral Symphyllia sp.,1605,944,cv_layout,ok
coral_fig_093,images/coral_fig_093_p073.jpg,73,122,Pachyseries sp.,Pachyseries,sp.,False,Fig. 122. Encrusted Pachyseries sp.,1573,903,manual_recrop,ok
coral_fig_094,images/coral_fig_094_p073.jpg,73,123,Pectinia paeonia,Pectinia,paeonia,True,Fig. 123. Pectinia paeonia,1576,908,manual_recrop,ok
coral_fig_095,images/coral_fig_095_p074.jpg,74,125,Platygyra sinensis,Platygyra,sinensis,True,Fig. 125. Massive colony of Platygyra sinensis,1598,976,manual_recrop,ok
coral_fig_096,images/coral_fig_096_p074.jpg,74,127,Pleurogyra sp.,Pleurogyra,sp.,False,Fig. 127. Pleurogyra sp. with expanded polyps,1590,942,manual_recrop,ok
coral_fig_097,images/coral_fig_097_p075.jpg,75,128,Goniopora sp.,Goniopora,sp.,False,Fig. 128. Goniopora sp. colony with expanded polyps,1584,933,cv_layout,ok
coral_fig_098,images/coral_fig_098_p075.jpg,75,129,Pocillopora verrucosa,Pocillopora,verrucosa,True,Fig. 129. Common coral Pocillopora verrucosa,1588,989,cv_layout,ok
coral_fig_099,images/coral_fig_099_p075.jpg,75,130,Pocillopora damicornis,Pocillopora,damicornis,True,Fig. 130. Pocillopora damicornis,1580,868,cv_layout,ok
coral_fig_100,images/coral_fig_100_p076.jpg,76,131,Pavona decussata,Pavona,decussata,True,Fig. 131. Pavona decussata,1615,962,cv_layout,ok
coral_fig_101,images/coral_fig_101_p076.jpg,76,132,Porites murrayensis,Porites,murrayensis,True,"Fig. 132. Shallow massive coral, Porites murrayensis",1614,956,cv_layout,ok
coral_fig_102,images/coral_fig_102_p076.jpg,76,133,Stylophora pistillata,Stylophora,pistillata,True,Fig. 133. Stylophora pistillata,1611,959,cv_layout,ok
coral_fig_103,images/coral_fig_103_p077.jpg,77,134,Leptoseris sp.,Leptoseris,sp.,False,"Fig. 134. Encrusted coral, Leptoseris sp.",1573,928,manual_recrop,ok
coral_fig_104,images/coral_fig_104_p077.jpg,77,135,Porites lobata,Porites,lobata,True,"Fig. 135. Huge massive coral, Porites lobata",1569,910,manual_added,ok
coral_fig_105,images/coral_fig_105_p077.jpg,77,136,Symphyllia radians,Symphyllia,radians,True,"Fig. 136. Brain coral, Symphyllia radians",1568,902,manual_recrop,ok
coral_fig_106,images/coral_fig_106_p078.jpg,78,137,Symphyllia recta,Symphyllia,recta,True,Fig. 137. Colony of Symphyllia recta,2117,1279,cv_layout,ok
coral_fig_107,images/coral_fig_107_p078.jpg,78,138,Tubastrea aurea,Tubastrea,aurea,True,Fig. 138. Colony of Tubastrea aurea,2118,1559,cv_layout,ok
coral_fig_108,images/coral_fig_108_p080.jpg,80,139,Lobophytum sp.,Lobophytum,sp.,False,Fig. 139. Soft coral Lobophytum sp. on reef slope.,2116,1345,cv_layout,ok
coral_fig_109,images/coral_fig_109_p081.jpg,81,140,Sarcophyton sp.,Sarcophyton,sp.,False,Fig. 140. Colony of Sarcophyton sp. with expanded polyps,1581,931,cv_layout,ok
coral_fig_110,images/coral_fig_110_p081.jpg,81,141,Sarcophyton ehrenbergi,Sarcophyton,ehrenbergi,True,Fig. 141. Sarcophyton ehrenbergi colonies on reef slope,1582,938,cv_layout,ok
coral_fig_111,images/coral_fig_111_p081.jpg,81,142,Sinularia gibberosa,Sinularia,gibberosa,True,Fig. 142. Extensive patches of Sinularia gibberosa,1583,914,cv_layout,ok
coral_fig_112,images/coral_fig_112_p082.jpg,82,143,Sinularia sp.,Sinularia,sp.,False,Fig. 143. Sinularia sp. on coral rocks,1598,922,manual_recrop,ok
coral_fig_113,images/coral_fig_113_p082.jpg,82,144,Lobophytum sp.,Lobophytum,sp.,False,Fig. 144. Lobophytum sp. grown like propeller blades,1597,934,manual_added,ok
coral_fig_114,images/coral_fig_114_p082.jpg,82,145,Lobophytum crassum,Lobophytum,crassum,True,Fig. 145. Invasion of Lobophytum crassum in shallow waters,1593,933,manual_recrop,ok
coral_fig_115,images/coral_fig_115_p083.jpg,83,46,Sarcophyton infundibuliforme,Sarcophyton,infundibuliforme,True,Fig. 46. Prolific growth of Sarcophyton infundibuliforme.,1590,948,cv_layout,ok
coral_fig_116,images/coral_fig_116_p083.jpg,83,147,Sinularia sp.,Sinularia,sp.,False,Fig. 147. Encrusted form of Sinularia sp.,1587,932,cv_layout,ok
coral_fig_117,images/coral_fig_117_p083.jpg,83,148,Cladiella australis,Cladiella,australis,True,"Fig. 148. Soft coral, Cladiella australis colony.",1578,934,cv_layout,ok
coral_fig_118,images/coral_fig_118_p085.jpg,85,152,Capnella parva,Capnella,parva,True,"Fig. 152. Soft coral, Capnella parva, in intertidal waters.",1583,932,cv_layout,ok
coral_fig_119,images/coral_fig_119_p085.jpg,85,153,Lobophytum sp.,Lobophytum,sp.,False,Fig. 153. Lobophytum sp. growing among hard corals.,1581,934,cv_layout,ok
coral_fig_120,images/coral_fig_120_p085.jpg,85,154,Dendronephthya sp.,Dendronephthya,sp.,False,"Fig. 154. Soft coral, Dendronephthya sp.",1578,913,cv_layout,ok
coral_fig_121,images/coral_fig_121_p086.jpg,86,155,Nephthea sp.,Nephthea,sp.,False,Fig. 155. Nephthea sp. on reef slope.,2071,949,cv_layout,ok
coral_fig_122,images/coral_fig_122_p086.jpg,86,156,Nephthea sp.,Nephthea,sp.,False,Fig. 156. Brilliant red Nephthea sp.,1189,1872,cv_layout,ok
coral_fig_123,images/coral_fig_123_p087.jpg,87,157,,,,False,Fig. 157. A gorgonian colony on reef slope.,2034,1218,manual_recrop,ok
coral_fig_124,images/coral_fig_124_p087.jpg,87,158,Gorgonia sp.,Gorgonia,sp.,False,"Seafan, Gorgonia sp.",2057,1590,manual_added,ok
coral_fig_125,images/coral_fig_125_p088.jpg,88,159,Plexauridae sp.,Plexauridae,sp.,False,"Fig. 159. Seafan, species of Plexauridae.",1306,1739,cv_layout,ok
coral_fig_126,images/coral_fig_126_p088.jpg,88,160,Subergorgia sp.,Subergorgia,sp.,False,"Fig. 160. Seafan, species of Subergorgia.",1612,1170,cv_layout,ok
coral_fig_127,images/coral_fig_127_p089.jpg,89,161,,,,False,Fig. 161. A deep-water gorgonian species.,1568,1100,manual_recrop,ok
coral_fig_128,images/coral_fig_128_p089.jpg,89,162,,,,False,Whip coral colony,1570,1728,manual_added,ok
coral_fig_129,images/coral_fig_129_p090.jpg,90,163,Juncella sp.,Juncella,sp.,False,"Fig. 163. Whip coral, Juncella sp. and bivalve, Spondylus sp.",1629,2008,cv_layout,ok
coral_fig_130,images/coral_fig_130_p090.jpg,90,164,Juncella sp.,Juncella,sp.,False,"Fig. 164. A whip coral on reef slope, Juncella sp.",1606,913,cv_layout,ok
coral_fig_131,images/coral_fig_131_p092.jpg,92,166,Spirobranchus giganteus,Spirobranchus,giganteus,True,"Fig. 166. Porites coral with Christmas tree worms, Spirobranchus giganteus",1040,650,cv_layout,ok
coral_fig_132,images/coral_fig_132_p092.jpg,92,165,Sabella melanostigma,Sabella,melanostigma,True,"Fig. 165. Tube dwelling polychaetes, Sabella melanostigma",1038,653,cv_layout,ok
coral_fig_133,images/coral_fig_133_p092.jpg,92,167,Nereis sp.,Nereis,sp.,False,"Fig. 167. Polychaete worm, Nereis sp. among gooseneck barnacles",1565,1083,cv_layout,ok
coral_fig_134,images/coral_fig_134_p094.jpg,94,169,,,,False,Fig. 169. Common flatworm of silty reef areas.,1034,615,manual_recrop,ok
coral_fig_135,images/coral_fig_135_p094.jpg,94,168,,,,False,Fig. 168. Flatworm of coral rubble areas.,1013,599,manual_recrop,ok
coral_fig_136,images/coral_fig_136_p096.jpg,96,174,Panulirus versicolor,Panulirus,versicolor,True,"Fig. 174. Shallow reef lobster, Panulirus versicolor",1006,1282,manual_recrop,ok
coral_fig_137,images/coral_fig_137_p097.jpg,97,175,Panulirus sp.,Panulirus,sp.,False,"Fig. 175. Reef lobster, Panulirus sp.",1012,651,manual_recrop,ok
coral_fig_138,images/coral_fig_138_p097.jpg,97,176,Thenus orientalis,Thenus,orientalis,True,"Fig. 176. Slipper lobster, Thenus orientalis",1004,656,manual_recrop,ok
coral_fig_139,images/coral_fig_139_p098.jpg,98,179,Area septemspinosa,Area,septemspinosa,True,"Fig. 179. Small reef crab, Area septemspinosa",1010,661,manual_recrop,ok
coral_fig_140,images/coral_fig_140_p098.jpg,98,180,Aulacolambrus sp.,Aulacolambrus,sp.,False,"Fig. 180. Shallow reef crab, Aulacolambrus sp.",1034,673,manual_added,ok
coral_fig_141,images/coral_fig_141_p099.jpg,99,182,Carpilus convexus,Carpilus,convexus,True,"Fig. 182. Reef crab, Carpilus convexus",1018,671,manual_recrop,ok
coral_fig_142,images/coral_fig_142_p099.jpg,99,183,Carpilus maculatus,Carpilus,maculatus,True,"Fig. 183. Poisonous reef crab, Carpilus maculatus",986,610,manual_recrop,ok
coral_fig_143,images/coral_fig_143_p099.jpg,99,84,Charybdis sp.,Charybdis,sp.,False,"Fig. 184. Swimmer crab, Charybdis sp.",1017,593,manual_recrop,ok
coral_fig_144,images/coral_fig_144_p099.jpg,99,186,Atergatis floridus,Atergatis,floridus,True,"Fig. 186. Shallow reef crab, Atergatis floridus",989,685,manual_recrop,ok
coral_fig_145,images/coral_fig_145_p100.jpg,100,188,Grapsus albolineatus,Grapsus,albolineatus,True,"Fig. 188. Pelagic crab, Grapsus albolineatus",1020,755,manual_added,ok
coral_fig_146,images/coral_fig_146_p100.jpg,100,187,Pilodius pugil,Pilodius,pugil,True,"Fig. 187. Common reef crab, Pilodius pugil",1025,740,manual_recrop,ok
coral_fig_147,images/coral_fig_147_p100.jpg,100,189,Grapsus grapsus,Grapsus,grapsus,True,"Fig. 189. Pelagic crab of rocky reefs, Grapsus grapsus",1029,679,manual_recrop,ok
coral_fig_148,images/coral_fig_148_p100.jpg,100,190,Leptodius exaratus,Leptodius,exaratus,True,"Fig. 190. Shallow reef crab, Leptodius exaratus",916,640,manual_recrop,ok
coral_fig_149,images/coral_fig_149_p100.jpg,100,192,Matuta lunaris,Matuta,lunaris,True,"Fig. 192. Common reef crab, Matuta lunaris",1025,691,manual_recrop,ok
coral_fig_150,images/coral_fig_150_p100.jpg,100,191,Matuta planipes,Matuta,planipes,True,Fig. 191. Matuta planipes found in weedy areas,1004,670,manual_recrop,ok
coral_fig_151,images/coral_fig_151_p101.jpg,101,93,Scylla serrata,Scylla,serrata,True,"Fig. 93. Mudcrab, Scylla serrata",1013,591,manual_recrop,ok
coral_fig_152,images/coral_fig_152_p101.jpg,101,194,Ocypode ceratophthalma,Ocypode,ceratophthalma,True,"Fig. 194. Ghost crab of muddy reef areas, Ocypode ceratophthalma",1006,558,manual_recrop,ok
coral_fig_153,images/coral_fig_153_p101.jpg,101,196,Ocypode sp.,Ocypode,sp.,False,"Fig. 196. Ocypode crab, Ocypode sp.",1013,811,manual_recrop,ok
coral_fig_154,images/coral_fig_154_p101.jpg,101,195,Ocypode macrocera,Ocypode,macrocera,True,"Fig. 195. Crab of sandy-mud reefs, Ocypode macrocera",980,639,manual_recrop,ok
coral_fig_155,images/coral_fig_155_p101.jpg,101,197,Portunus pelagicus,Portunus,pelagicus,True,"Fig. 197. Pelagic reef crab, Portunus pelagicus",1008,646,manual_added,ok
coral_fig_156,images/coral_fig_156_p101.jpg,101,198,Portunus sanguinolentus,Portunus,sanguinolentus,True,"Fig. 198. Shallow pelagic crab, Portunus sanguinolentus",998,916,manual_recrop,ok
coral_fig_157,images/coral_fig_157_p101.jpg,101,199,Charybdis feriatus,Charybdis,feriatus,True,"Fig. 199. Swimmer crab, Charybdis feriatus",1008,567,manual_recrop,ok
coral_fig_158,images/coral_fig_158_p102.jpg,102,201,Thalamita sp.,Thalamita,sp.,False,"Fig. 201. Reef crab, Thalamita sp.",1035,639,cv_layout,ok
coral_fig_159,images/coral_fig_159_p102.jpg,102,200,,,,False,Fig. 200. Porcelain crab,1037,618,cv_layout,ok
coral_fig_160,images/coral_fig_160_p102.jpg,102,203,Trapezia cymodoce,Trapezia,cymodoce,True,"Fig. 203. Common reef crab, Trapezia cymodoce",969,767,cv_layout,ok
coral_fig_161,images/coral_fig_161_p102.jpg,102,202,Trapezia formosa,Trapezia,formosa,True,"Fig. 202. Reef crab, Trapezia formosa",840,744,cv_layout,ok
coral_fig_162,images/coral_fig_162_p102.jpg,102,205,Composcia retusa,Composcia,retusa,True,"Fig. 205. Decorator crab, Composcia retusa",1044,646,cv_layout,ok
coral_fig_163,images/coral_fig_163_p102.jpg,102,204,Grapsus sp.,Grapsus,sp.,False,"Fig. 204. Rocky shore crab, Grapsus sp.",1033,641,cv_layout,ok
coral_fig_164,images/coral_fig_164_p102.jpg,102,207,Etisus sp.,Etisus,sp.,False,"Fig. 207. Reef crab, Etisus sp.",1040,642,cv_layout,ok
coral_fig_165,images/coral_fig_165_p102.jpg,102,206,Etisus dentatus,Etisus,dentatus,True,"Fig. 206. Common coral crab, Etisus dentatus",892,629,cv_layout,ok
coral_fig_166,images/coral_fig_166_p104.jpg,104,208,Dardanus megistos,Dardanus,megistos,True,"Fig. 208. Hermit crab out of shell, Dardanus megistos",980,1224,manual_recrop,ok
coral_fig_167,images/coral_fig_167_p104.jpg,104,209,Clibanarius sp.,Clibanarius,sp.,False,"Fig. 209. Hermit crab, Clibanarius sp.",900,512,manual_recrop,ok
coral_fig_168,images/coral_fig_168_p104.jpg,104,211,Harpiosquilla sp.,Harpiosquilla,sp.,False,"Fig. 211. Common mantis shrimp, Harpiosquilla sp.",1025,724,manual_added,ok
coral_fig_169,images/coral_fig_169_p104.jpg,104,210,Heterosquilla spinosa,Heterosquilla,spinosa,True,"Fig. 210. Mantid shrimp, Heterosquilla spinosa",594,1100,manual_recrop,ok
coral_fig_170,images/coral_fig_170_p104.jpg,104,212,Oratosquilla sp.,Oratosquilla,sp.,False,"Fig. 212. Mantis shrimp, Oratosquilla sp.",1210,506,manual_recrop,ok
coral_fig_171,images/coral_fig_171_p104.jpg,104,213,Squilla sp.,Squilla,sp.,False,"Fig. 213. Green squilla, Squilla sp.",1157,404,manual_recrop,recropped
coral_fig_172,images/coral_fig_172_p105.jpg,105,214,Squilla sp.,Squilla,sp.,False,"Fig. 214. Mantis shrimp of coral rubble, Squilla sp.",861,1286,manual_recrop,ok
coral_fig_173,images/coral_fig_173_p105.jpg,105,215,Lysiosquilla maculata,Lysiosquilla,maculata,True,"Fig. 215. Banded mantis shrimp, Lysiosquilla maculata",855,1288,manual_recrop,ok
coral_fig_174,images/coral_fig_174_p105.jpg,105,217,Tetraclita sp.,Tetraclita,sp.,False,"Fig. 217. Acorn barnacles, Tetraclita sp.",1005,640,manual_recrop,ok
coral_fig_175,images/coral_fig_175_p105.jpg,105,216,Tetraclita sp.,Tetraclita,sp.,False,"Fig. 216. Barnacles, Tetraclita sp.",1014,644,manual_added,ok
coral_fig_176,images/coral_fig_176_p105.jpg,105,218,Lepas sp.,Lepas,sp.,False,"Fig. 218. Gooseneck barnacles, Lepas sp.",1014,611,manual_recrop,ok
coral_fig_177,images/coral_fig_177_p105.jpg,105,219,,,,False,Fig. 219. Parasitic isopods on reef associate scombrid fish.,1000,600,manual_recrop,ok
coral_fig_178,images/coral_fig_178_p107.jpg,107,220,Turbo marmoratus,Turbo,marmoratus,True,"Fig. 220. Turban shell, Turbo marmoratus",555,730,manual_recrop,ok
coral_fig_179,images/coral_fig_179_p107.jpg,107,222,Cypraea tigris,Cypraea,tigris,True,"Fig. 222. Common tigercowry, Cypraea tigris",507,736,manual_recrop,ok
coral_fig_180,images/coral_fig_180_p107.jpg,107,221,Trochus niloticus,Trochus,niloticus,True,"Fig. 221. Topshell, Trochus niloticus",755,724,manual_recrop,ok
coral_fig_181,images/coral_fig_181_p107.jpg,107,223,Cypraea vitellus,Cypraea,vitellus,True,"Fig. 223. Deer Cowry, Cypraea vitellus",1003,633,manual_recrop,ok
coral_fig_182,images/coral_fig_182_p107.jpg,107,224,Cypraea lynx,Cypraea,lynx,True,"Fig. 224. Lynx Cowry, Cypraea lynx",992,626,manual_recrop,ok
coral_fig_183,images/coral_fig_183_p107.jpg,107,225,Cypraea carneola,Cypraea,carneola,True,"Fig. 225. Carnelian Cowry, Cypraea carneola",1008,576,manual_recrop,ok
coral_fig_184,images/coral_fig_184_p107.jpg,107,226,Cypraea arabica,Cypraea,arabica,True,"Fig. 226. Arabic Cowry, Cypraea arabica",989,586,manual_recrop,ok
coral_fig_185,images/coral_fig_185_p107.jpg,107,227,Cypraea annulus,Cypraea,annulus,True,"Fig. 227. Money cowry, Cypraea annulus",1000,562,manual_recrop,ok
coral_fig_186,images/coral_fig_186_p107.jpg,107,228,Cypraea talpa,Cypraea,talpa,True,"Fig. 228. Money cowry, Cypraea talpa",944,555,manual_recrop,ok
coral_fig_187,images/coral_fig_187_p108.jpg,108,229,Cypraea sp.,Cypraea,sp.,False,"Fig. 229. Cowry, Cypraea sp. on reef",1025,606,manual_added,ok
coral_fig_188,images/coral_fig_188_p108.jpg,108,230,,,,False,Fig. 230. Variety of cowries on reef,1033,610,manual_recrop,ok
coral_fig_189,images/coral_fig_189_p108.jpg,108,232,Cypraea sp.,Cypraea,sp.,False,"Fig. 232. Cowry shell, Cypraea sp.",1000,626,manual_recrop,ok
coral_fig_190,images/coral_fig_190_p108.jpg,108,231,Conus sp.,Conus,sp.,False,"Fig. 231. Coneshell on dead coral rock, Conus sp.",1007,623,manual_recrop,ok
coral_fig_191,images/coral_fig_191_p108.jpg,108,234,Cypraea sp.,Cypraea,sp.,False,"Fig. 234. Cowry, Cypraea sp.",992,599,manual_recrop,ok
coral_fig_192,images/coral_fig_192_p108.jpg,108,235,Haliotis asinina,Haliotis,asinina,True,"Fig. 235. Reef abalone shell, Haliotis asinina",1032,596,manual_recrop,ok
coral_fig_193,images/coral_fig_193_p108.jpg,108,236,Lambis chiragra,Lambis,chiragra,True,"Fig. 236. Scorpion shells, Lambis chiragra",1003,571,manual_recrop,ok
coral_fig_194,images/coral_fig_194_p108.jpg,108,237,Lambis truncata,Lambis,truncata,True,"Fig. 237. Common spider shell, Lambis truncata",1026,571,manual_recrop,ok
coral_fig_195,images/coral_fig_195_p109.jpg,109,239,Mitra mitra,Mitra,mitra,True,"Fig. 239. Rare reef gastropod, Mitra mitra",1105,507,cv_layout,ok
coral_fig_196,images/coral_fig_196_p109.jpg,109,238,Lambis scorpinus,Lambis,scorpinus,True,"Fig. 238. Scorpion conch, Lambis scorpinus",912,469,cv_layout,ok
coral_fig_197,images/coral_fig_197_p109.jpg,109,240,Nerita costata,Nerita,costata,True,"Fig. 240. Nerite shells of rocky reefs, Nerita costata",991,696,cv_layout,ok
coral_fig_198,images/coral_fig_198_p109.jpg,109,241,Thais tuberosa,Thais,tuberosa,True,Fig. 241. Thais tuberosa,917,696,cv_layout,ok
coral_fig_199,images/coral_fig_199_p109.jpg,109,243,Nassarius pullus,Nassarius,pullus,True,"Fig. 243. Olive Dog whelk, Nassarius pullus",747,583,cv_layout,ok
coral_fig_200,images/coral_fig_200_p109.jpg,109,242,Ovula ovum,Ovula,ovum,True,"Fig. 242. Egg cowry, Ovula ovum",712,449,cv_layout,ok
coral_fig_201,images/coral_fig_201_p109.jpg,109,245,Fusinus sp.,Fusinus,sp.,False,"Fig. 245. Spindle shell, Fusinus sp.",910,431,cv_layout,ok
coral_fig_202,images/coral_fig_202_p109.jpg,109,244,Terebra areolata,Terebra,areolata,True,"Fig. 244. Musicana Auger-shell, Terebra areolata",1137,429,cv_layout,ok
coral_fig_203,images/coral_fig_203_p110.jpg,110,246,Fasciolaria sp.,Fasciolaria,sp.,False,"Fig. 246. Common reef shell, Fasciolaria sp.",871,599,cv_layout,ok
coral_fig_204,images/coral_fig_204_p110.jpg,110,247,Drupa ricinus,Drupa,ricinus,True,"Fig. 247. Small gastropods of reef, Drupa ricinus",1105,600,cv_layout,ok
coral_fig_205,images/coral_fig_205_p110.jpg,110,248,Chicoreus ramosus,Chicoreus,ramosus,True,"Fig. 248. Ramose murex, Chicoreus ramosus",931,1042,cv_layout,ok
coral_fig_206,images/coral_fig_206_p110.jpg,110,249,Chicoreus sp.,Chicoreus,sp.,False,"Fig. 249. Common reef shell, Chicoreus sp.",599,1009,cv_layout,ok
coral_fig_207,images/coral_fig_207_p110.jpg,110,250,Cypraecassis rufa,Cypraecassis,rufa,True,"Fig. 250. Bullmouth Helmet, Cypraecassis rufa",1034,805,cv_layout,ok
coral_fig_208,images/coral_fig_208_p110.jpg,110,251,Conus sp.,Conus,sp.,False,Fig. 251. A common Conus sp. of sandy-mud areas,468,777,cv_layout,ok
coral_fig_209,images/coral_fig_209_p111.jpg,111,253,Cypraea mauritiana,Cypraea,mauritiana,True,"Fig. 253. Humpback cowry, Cypraea mauritiana",961,631,manual_recrop,ok
coral_fig_210,images/coral_fig_210_p111.jpg,111,252,Pleuroploca trapezium,Pleuroploca,trapezium,True,"Fig. 252. Horse conch shell, Pleuroploca trapezium",1006,625,manual_recrop,ok
coral_fig_211,images/coral_fig_211_p111.jpg,111,254,Cypraea errones,Cypraea,errones,True,"Fig. 254. Wandering cowry, Cypraea errones",969,580,manual_recrop,ok
coral_fig_212,images/coral_fig_212_p111.jpg,111,255,Cypraea caputserpentis,Cypraea,caputserpentis,True,"Fig. 255. Serpent's head cowry, Cypraea caputserpentis",961,550,manual_recrop,ok
coral_fig_213,images/coral_fig_213_p111.jpg,111,256,Oliva vidua,Oliva,vidua,True,"Fig. 256. Moore Olive, Oliva vidua",1017,749,manual_recrop,ok
coral_fig_214,images/coral_fig_214_p111.jpg,111,257,Trochus radiatus,Trochus,radiatus,True,"Fig. 257. Radiate top, Trochus radiatus",911,732,manual_recrop,ok
coral_fig_215,images/coral_fig_215_p111.jpg,111,258,Turbo bruneus,Turbo,bruneus,True,"Fig. 258. Brown Pacific Turban, Turbo bruneus",835,582,manual_recrop,ok
coral_fig_216,images/coral_fig_216_p111.jpg,111,259,Chicoreus kilburni,Chicoreus,kilburni,True,Fig. 259. Chicoreus kilburni,978,586,manual_recrop,ok
coral_fig_217,images/coral_fig_217_p112.jpg,112,261,Haliotis varia,Haliotis,varia,True,"Fig. 261. Common Ear shell, Haliotis varia",1029,559,manual_recrop,ok
coral_fig_218,images/coral_fig_218_p112.jpg,112,260,Nerita plicata,Nerita,plicata,True,"Fig. 260. Nerite shell, Nerita plicata",1019,552,manual_recrop,ok
coral_fig_219,images/coral_fig_219_p112.jpg,112,265,Conus ebraeus,Conus,ebraeus,True,"Fig. 265. Hebrew cone, Conus ebraeus",665,980,manual_recrop,ok
coral_fig_220,images/coral_fig_220_p112.jpg,112,262,Turbo sparverius,Turbo,sparverius,True,"Fig. 262. Cautious turban, Turbo (Marmarostoma) sparverius",662,977,manual_recrop,ok
coral_fig_221,images/coral_fig_221_p112.jpg,112,263,Gyrineum natator,Gyrineum,natator,True,"Fig. 263. Tuberculate Girly Triton, Gyrineum natator",599,980,manual_recrop,ok
coral_fig_222,images/coral_fig_222_p112.jpg,112,264,Terebra subulata,Terebra,subulata,True,"Fig. 264. Chocolate Spotted Auger, Terebra subulata",386,926,manual_recrop,ok
coral_fig_223,images/coral_fig_223_p112.jpg,112,266,Cellana testudinaria,Cellana,testudinaria,True,"Fig. 266. Turtle limpet, Cellana testudinaria",943,611,manual_recrop,ok
coral_fig_224,images/coral_fig_224_p112.jpg,112,267,Patelloida saccharina,Patelloida,saccharina,True,"Fig. 267. Pacific sugar limpet, Patelloida saccharina",671,869,manual_recrop,ok
coral_fig_225,images/coral_fig_225_p113.jpg,113,269,Jorunna funebris,Jorunna,funebris,True,Fig. 269. Sea slug Jorunna funebris,908,936,manual_recrop,ok
coral_fig_226,images/coral_fig_226_p114.jpg,114,271,Asteronotus sp.,Asteronotus,sp.,False,"Fig. 271. A nudibranch, Asteronotus sp. with egg mass.",935,653,manual_recrop,ok
coral_fig_227,images/coral_fig_227_p114.jpg,114,272,Phyllidia varicosa,Phyllidia,varicosa,True,"Fig. 272. A rare coral sea slug, Phyllidia varicosa",1123,659,manual_recrop,recropped
coral_fig_228,images/coral_fig_228_p114.jpg,114,274,Hemihedra cymbalum,Hemihedra,cymbalum,True,"Fig. 274. Small nudibranchs, Hemihedra cymbalum",1025,550,manual_recrop,ok
coral_fig_229,images/coral_fig_229_p114.jpg,114,273,,,,False,Fig. 273. Nudibranch species found on dead corals.,1018,545,manual_recrop,ok
coral_fig_230,images/coral_fig_230_p114.jpg,114,275,Phyllidia pustulosa,Phyllidia,pustulosa,True,"Fig. 275. Nudibranch, Phyllidia pustulosa",1009,608,manual_recrop,ok
coral_fig_231,images/coral_fig_231_p114.jpg,114,276,Onchidium sp.,Onchidium,sp.,False,"Fig. 276. Common sea slug of rocky reefs, Onchidium sp.",1023,599,manual_recrop,ok
coral_fig_232,images/coral_fig_232_p114.jpg,114,277,Aplysia sp.,Aplysia,sp.,False,"Fig. 277. Sea slug of coral rubble, Aplysia sp.",1019,630,manual_recrop,ok
coral_fig_233,images/coral_fig_233_p115.jpg,115,279,Tridacna crocea,Tridacna,crocea,True,"Fig. 279. Clam shells, Tridacna crocea on coral rocks.",1012,750,cv_layout,ok
coral_fig_234,images/coral_fig_234_p115.jpg,115,278,Hyctissa sp.,Hyctissa,sp.,False,"Fig. 278. A rock oyster among corals, Hyctissa sp.",1030,746,cv_layout,ok
coral_fig_235,images/coral_fig_235_p117.jpg,117,288,Spondylus sp.,Spondylus,sp.,False,"Fig. 288. Spiny bivalve of reefs, Spondylus sp.",1004,741,manual_recrop,ok
coral_fig_236,images/coral_fig_236_p117.jpg,117,289,Spondylus hystrix,Spondylus,hystrix,True,"Fig. 289. Spiny bivalve, Spondylus hystrix",1013,730,manual_recrop,ok
coral_fig_237,images/coral_fig_237_p117.jpg,117,290,Pinctada margaritifera,Pinctada,margaritifera,True,"Fig. 290. Pearl oyster, Pinctada margaritifera",1013,1038,manual_recrop,ok
coral_fig_238,images/coral_fig_238_p117.jpg,117,291,Pinna bicolor,Pinna,bicolor,True,"Fig. 291. Penshell, Pinna bicolor",1003,1775,manual_recrop,ok
coral_fig_239,images/coral_fig_239_p117.jpg,117,292,Atrina vexillum,Atrina,vexillum,True,"Fig. 292. Penshell, Atrina vexillum among corals.",1023,747,manual_added,ok
coral_fig_240,images/coral_fig_240_p118.jpg,118,2.94,Acanthopleura sp.,Acanthopleura,sp.,False,Fig. 2.94. Chiton Acanthopleura sp. on coral rocks.,1022,769,manual_added,ok
coral_fig_241,images/coral_fig_241_p118.jpg,118,2.93,Acanthopleura spiniger,Acanthopleura,spiniger,True,"Fig. 2.93. A spiny chiton, Acanthopleura spiniger.",1017,764,manual_recrop,ok
coral_fig_242,images/coral_fig_242_p120.jpg,120,296,,,,False,Fig. 296. Octopus species of shallow reef areas,879,1198,cv_layout,ok
coral_fig_243,images/coral_fig_243_p120.jpg,120,295,Nautilus pompilius,Nautilus,pompilius,True,"Fig. 295. Chambered Nautilus, Nautilus pompilius",1106,1205,cv_layout,ok
coral_fig_244,images/coral_fig_244_p120.jpg,120,297,Octopus luteus,Octopus,luteus,True,"Fig. 297. Reef octopus, Octopus luteus stuck to the body of a diver",1000,1654,cv_layout,ok
coral_fig_245,images/coral_fig_245_p120.jpg,120,297a,Sepia sp.,Sepia,sp.,False,"Fig. 297a. Egg case of Cuttlefish, Sepia sp.",928,1667,cv_layout,ok
coral_fig_246,images/coral_fig_246_p123.jpg,123,302,Culcita schmideliana,Culcita,schmideliana,True,"Fig. 302. Cushion star, Culcita schmideliana",1009,656,manual_recrop,ok
coral_fig_247,images/coral_fig_247_p123.jpg,123,303,Linckia laevigata,Linckia,laevigata,True,"Fig. 303. Pink Seastar, Linckia laevigata",1011,649,manual_recrop,ok
coral_fig_248,images/coral_fig_248_p123.jpg,123,304,Culcita schmideliana,Culcita,schmideliana,True,"Fig. 304. Cushion star in deep waters, Culcita schmideliana",1009,577,manual_recrop,ok
coral_fig_249,images/coral_fig_249_p123.jpg,123,305,Fromia indica,Fromia,indica,True,"Fig. 305. Sea star, Fromia indica",1008,576,manual_recrop,ok
coral_fig_250,images/coral_fig_250_p123.jpg,123,307,,,,False,Fig. 307. Sea star of coral reef areas,1007,676,manual_added,ok
coral_fig_251,images/coral_fig_251_p123.jpg,123,306,Leiaster glaber,Leiaster,glaber,True,"Fig. 306. Seastar, Leiaster glaber",1009,673,manual_recrop,ok
coral_fig_252,images/coral_fig_252_p123.jpg,123,309,Asterina lorioli,Asterina,lorioli,True,"Fig. 309. A small seastar, Asterina lorioli",672,591,manual_recrop,ok
coral_fig_253,images/coral_fig_253_p123.jpg,123,310,Fromia monilis,Fromia,monilis,True,"Fig. 310. Seastar, Fromia monilis",669,577,manual_recrop,ok
coral_fig_254,images/coral_fig_254_p123.jpg,123,308,Fromia sp.,Fromia,sp.,False,"Fig. 308. Sea star, Fromia sp., oral side",665,565,manual_recrop,ok
coral_fig_255,images/coral_fig_255_p124.jpg,124,311,Ophiocoma dentata,Ophiocoma,dentata,True,"Fig. 311. Brittle star, Ophiocoma dentata",1000,648,manual_recrop,ok
coral_fig_256,images/coral_fig_256_p124.jpg,124,313,Ophiocoma erinaceus,Ophiocoma,erinaceus,True,"Fig. 313. Brittle star, Ophiocoma erinaceus",1018,664,manual_recrop,ok
coral_fig_257,images/coral_fig_257_p124.jpg,124,312,Ophiarthrum elegans,Ophiarthrum,elegans,True,"Fig. 312. Brittle star, Ophiarthrum elegans",1014,667,manual_recrop,ok
coral_fig_258,images/coral_fig_258_p125.jpg,125,314,Ophiocoma scolopendrina,Ophiocoma,scolopendrina,True,"Fig. 314. Long armed brittlestar, Ophiocoma scolopendrina",1006,713,manual_recrop,recropped
coral_fig_259,images/coral_fig_259_p125.jpg,125,315,Macrophiothrix sp.,Macrophiothrix,sp.,False,"Fig. 315. Brittle star, Macrophiothrix sp.",1009,718,manual_recrop,ok
coral_fig_260,images/coral_fig_260_p125.jpg,125,316,Ophiomastrix annulosa,Ophiomastrix,annulosa,True,"Fig. 316. Brittlestar, Ophiomastrix annulosa",1028,644,manual_added,ok
coral_fig_261,images/coral_fig_261_p125.jpg,125,317,Ophiarthrum pictum,Ophiarthrum,pictum,True,"Fig. 317. Reef ophiuroid, Ophiarthrum pictum",1003,620,manual_recrop,ok
coral_fig_262,images/coral_fig_262_p126.jpg,126,319,Comatula sp.,Comatula,sp.,False,"Fig. 319. Feather star, Comatula sp.",1032,633,manual_recrop,ok
coral_fig_263,images/coral_fig_263_p126.jpg,126,318,Himerometra sp.,Himerometra,sp.,False,"Fig. 318. Feather star of coral reefs, Himerometra sp.",1032,630,manual_added,ok
coral_fig_264,images/coral_fig_264_p126.jpg,126,320,Comaster sp.,Comaster,sp.,False,"Fig. 320. Feather star of shallow waters, Comaster sp.",1005,637,manual_recrop,ok
coral_fig_265,images/coral_fig_265_p126.jpg,126,321,Lamprometra sp.,Lamprometra,sp.,False,"Fig. 321. Common feather star, Lamprometra sp.",1037,639,manual_recrop,ok
coral_fig_266,images/coral_fig_266_p126.jpg,126,322,Heterometra sp.,Heterometra,sp.,False,"Fig. 322. Feather star, Heterometra sp.",1031,646,manual_recrop,ok
coral_fig_267,images/coral_fig_267_p126.jpg,126,323,Himerometra magnipinna,Himerometra,magnipinna,True,"Fig. 323. Bright yellow featherstar, Himerometra magnipinna",1020,645,manual_recrop,ok
coral_fig_268,images/coral_fig_268_p126.jpg,126,325,Oxycomanthus bennetti,Oxycomanthus,bennetti,True,"Fig. 325. Featherstar, Oxycomanthus bennetti",1032,608,manual_recrop,ok
coral_fig_269,images/coral_fig_269_p126.jpg,126,324,Himerometra sp.,Himerometra,sp.,False,"Fig. 324. Featherstar, Himerometra sp. on zoanthid mats",1021,613,manual_recrop,ok
coral_fig_270,images/coral_fig_270_p128.jpg,128,326,Diadema setosum,Diadema,setosum,True,"Fig. 326. Longspine Seaurchin, Diadema setosum",1017,699,manual_recrop,ok
coral_fig_271,images/coral_fig_271_p128.jpg,128,327,Echinostrephus molaris,Echinostrephus,molaris,True,"Fig. 327. Sea urchin, Echinostrephus molaris",1037,693,manual_recrop,ok
coral_fig_272,images/coral_fig_272_p128.jpg,128,328,Mespilia globulus,Mespilia,globulus,True,"Fig. 328. A beautiful globe urchin, Mespilia globulus",1017,596,manual_recrop,ok
coral_fig_273,images/coral_fig_273_p128.jpg,128,329,Diadema savignyi,Diadema,savignyi,True,"Fig. 329. Large spined-sea urchin, Diadema savignyi",1026,594,manual_recrop,ok
coral_fig_274,images/coral_fig_274_p128.jpg,128,330,Echinometra mathaei,Echinometra,mathaei,True,"Fig. 330. Rock boring sea urchin, Echinometra mathaei",1022,708,manual_added,ok
coral_fig_275,images/coral_fig_275_p128.jpg,128,330,Echinothrix calamaris,Echinothrix,calamaris,True,"Fig. 330. Hatpin Seaurchin, Echinothrix calamaris",1026,716,manual_recrop,ok
coral_fig_276,images/coral_fig_276_p129.jpg,129,332,Heterocentrotus trigonarius,Heterocentrotus,trigonarius,True,"Fig. 332. Blunt-spined sea urchin, Heterocentrotus trigonarius",1020,732,cv_layout,ok
coral_fig_277,images/coral_fig_277_p129.jpg,129,333,Phyllacanthus imperialis,Phyllacanthus,imperialis,True,"Fig. 333. Rare pencil sea urchin, Phyllacanthus imperialis",1025,735,cv_layout,ok
coral_fig_278,images/coral_fig_278_p129.jpg,129,334,Tripneustes gratilla,Tripneustes,gratilla,True,"Fig. 334. Cake urchin, Tripneustes gratilla",1012,793,cv_layout,ok
coral_fig_279,images/coral_fig_279_p129.jpg,129,335,Temnopleurus sp.,Temnopleurus,sp.,False,"Fig. 335. Sea urchin of sandy weed areas, Temnopleurus sp.",1023,781,cv_layout,ok
coral_fig_280,images/coral_fig_280_p129.jpg,129,337,Colobocentrotus atratus,Colobocentrotus,atratus,True,Fig. 337. Colobocentrotus atratus found on rocky areas,1024,741,cv_layout,ok
coral_fig_281,images/coral_fig_281_p129.jpg,129,336,Echinothrix sp.,Echinothrix,sp.,False,"Fig. 336. Sea urchin, Echinothrix sp.",1026,750,cv_layout,ok
coral_fig_282,images/coral_fig_282_p131.jpg,131,343,Holothuria hilla,Holothuria,hilla,True,Fig. 343. Holothuria hilla found under coral stones,1016,581,cv_layout,ok
coral_fig_283,images/coral_fig_283_p131.jpg,131,342,Holothuria atra,Holothuria,atra,True,"Fig. 342. Sea cucumber, Holothuria atra",1023,576,cv_layout,ok
coral_fig_284,images/coral_fig_284_p131.jpg,131,344,Holothuria sp.,Holothuria,sp.,False,"Fig. 344. Sea cucumber of rock pools, Holothuria sp.",1014,571,cv_layout,ok
coral_fig_285,images/coral_fig_285_p131.jpg,131,345,Holothuria scabra,Holothuria,scabra,True,Fig. 345. Holothuria scabra,1014,572,cv_layout,ok
coral_fig_286,images/coral_fig_286_p131.jpg,131,347,Holothuria nobilis,Holothuria,nobilis,True,"Fig. 347. Sea cucumber of rocky reefs, Holothuria nobilis",1012,480,cv_layout,ok
coral_fig_287,images/coral_fig_287_p131.jpg,131,346,Bohadschia marmorata,Bohadschia,marmorata,True,Fig. 346. Bohadschia marmorata found in weedy mud areas,1015,479,cv_layout,ok
coral_fig_288,images/coral_fig_288_p132.jpg,132,348,Holothuria impatiens,Holothuria,impatiens,True,Fig. 348. Holothuria impatiens,1021,536,manual_recrop,ok
coral_fig_289,images/coral_fig_289_p132.jpg,132,351,Holothuria leucospilota,Holothuria,leucospilota,True,Fig. 351. Holothuria leucospilota,1034,667,manual_recrop,ok
coral_fig_290,images/coral_fig_290_p132.jpg,132,350,Holothuria sp.,Holothuria,sp.,False,Fig. 350. A scaly polychaete on Holothuria sp.,1021,651,manual_recrop,ok
coral_fig_291,images/coral_fig_291_p132.jpg,132,352,Holothuria edulis,Holothuria,edulis,True,Fig. 352. Holothuria edulis,1023,653,manual_recrop,ok
coral_fig_292,images/coral_fig_292_p132.jpg,132,353,Holothuria arenicola,Holothuria,arenicola,True,Fig. 353. Holothuria arenicola under coral rocks,1032,648,manual_recrop,ok
coral_fig_293,images/coral_fig_293_p132.jpg,132,354,Actinopyga sp.,Actinopyga,sp.,False,Fig. 354. Actinopyga sp. in rock pool,1027,708,manual_recrop,ok
coral_fig_294,images/coral_fig_294_p133.jpg,133,356,Bohadschia marmorata,Bohadschia,marmorata,True,Fig. 356. Sticky Cuverian tubules of Bohadschia marmorata,1020,618,manual_recrop,ok
coral_fig_295,images/coral_fig_295_p133.jpg,133,358,Holothuria sp.,Holothuria,sp.,False,Fig. 358. Holothuria sp. found in shallow reefs,1011,453,manual_recrop,ok
coral_fig_296,images/coral_fig_296_p133.jpg,133,359,Lebidodemas sp.,Lebidodemas,sp.,False,"Fig. 359. Scaly polychaete on sea cucumber, Lebidodemas sp.",1009,445,manual_recrop,ok
coral_fig_297,images/coral_fig_297_p133.jpg,133,360,Stichopus chloronotus,Stichopus,chloronotus,True,"Fig. 360. Sea cucumbers, Stichopus chloronotus",1011,558,manual_recrop,ok
coral_fig_298,images/coral_fig_298_p133.jpg,133,363,Synapta striata,Synapta,striata,True,"Fig. 363. Sea cucumber of weedy areas, Synapta striata",1009,574,manual_recrop,ok
coral_fig_299,images/coral_fig_299_p133.jpg,133,362,Synapta maculata,Synapta,maculata,True,"Fig. 362. Snake-like sea cucumber, Synapta maculata",1011,552,manual_recrop,ok
coral_fig_300,images/coral_fig_300_p134.jpg,134,364,Actinopyga sp.,Actinopyga,sp.,False,Fig. 364. Actinopyga sp.,1034,778,cv_layout,ok
coral_fig_301,images/coral_fig_301_p134.jpg,134,365,Actinopyga echinites,Actinopyga,echinites,True,Fig. 365. Actinopyga echinites,1032,772,cv_layout,ok
coral_fig_302,images/coral_fig_302_p134.jpg,134,367,Actinopyga sp.,Actinopyga,sp.,False,Fig. 367. Actinopyga sp.,1047,646,cv_layout,ok
coral_fig_303,images/coral_fig_303_p134.jpg,134,366,Actinopyga maunnana,Actinopyga,maunnana,True,"Fig. 366. Sea cucumber, Actinopyga maunnana",1032,639,cv_layout,ok
coral_fig_304,images/coral_fig_304_p134.jpg,134,368,Bohadschia sp.,Bohadschia,sp.,False,Fig. 368. Bohadschia sp. grazing on reef,1033,648,cv_layout,ok
coral_fig_305,images/coral_fig_305_p134.jpg,134,369,Stichopus sp.,Stichopus,sp.,False,Fig. 369. Stichopus sp.,1037,650,cv_layout,ok
coral_fig_306,images/coral_fig_306_p140.jpg,140,371,,,,False,Fig. 371. Variety of reef fishes hovering around corals,1026,777,cv_layout,ok
coral_fig_307,images/coral_fig_307_p140.jpg,140,372,Chromis viridis,Chromis,viridis,True,"Fig. 372. School of blue chromis, Chromis viridis",1040,787,cv_layout,ok
coral_fig_308,images/coral_fig_308_p141.jpg,141,374,Diagramma pictum,Diagramma,pictum,True,"Fig. 374. A school of sweetlips, Diagramma pictum",1011,639,manual_recrop,ok
coral_fig_309,images/coral_fig_309_p141.jpg,141,373,,,,False,Fig. 373. A school of grunts,1013,637,manual_recrop,ok
coral_fig_310,images/coral_fig_310_p141.jpg,141,376,Lutjanus kasmira,Lutjanus,kasmira,True,"Fig. 376. School of snappers, Lutjanus kasmira",1006,605,manual_recrop,ok
coral_fig_311,images/coral_fig_311_p141.jpg,141,375,Dascyllus reticulatus,Dascyllus,reticulatus,True,"Fig. 375. A school of damsels, Dascyllus reticulatus on coral colony",1014,612,manual_added,ok
coral_fig_312,images/coral_fig_312_p141.jpg,141,378,Chaetodon auriga,Chaetodon,auriga,True,"Fig. 378. Threadfin butterflyfish, Chaetodon auriga",1006,580,manual_recrop,ok
coral_fig_313,images/coral_fig_313_p141.jpg,141,377,Heniochus acuminatus,Heniochus,acuminatus,True,"Fig. 377. Longfin bannerfishes, Heniochus acuminatus",1003,574,manual_recrop,ok
coral_fig_314,images/coral_fig_314_p141.jpg,141,379,Chaetodon melannotus,Chaetodon,melannotus,True,"Fig. 379. Black-back butterflyfish, Chaetodon melannotus",1006,609,manual_recrop,ok
coral_fig_315,images/coral_fig_315_p141.jpg,141,380,Chaetodon trifascialis,Chaetodon,trifascialis,True,"Fig. 380. Chevroned butterflyfish, Chaetodon trifascialis",1004,611,manual_recrop,ok
coral_fig_316,images/coral_fig_316_p142.jpg,142,382,Chaetodon lineolatus,Chaetodon,lineolatus,True,"Fig. 382. Lined butterflyfish, Chaetodon lineolatus",967,662,cv_layout,ok
coral_fig_317,images/coral_fig_317_p142.jpg,142,381,Chaetodon vagabundus,Chaetodon,vagabundus,True,"Fig. 381. Vagabond butterflyfish, Chaetodon vagabundus",1036,653,cv_layout,ok
coral_fig_318,images/coral_fig_318_p142.jpg,142,383,Chaetodon plebeius,Chaetodon,plebeius,True,"Fig. 383. Blue-spot butterflyfish, Chaetodon plebeius",1035,668,cv_layout,ok
coral_fig_319,images/coral_fig_319_p142.jpg,142,384,Chaetodon meyeri,Chaetodon,meyeri,True,"Fig. 384. Meyer's Butterflyfish, Chaetodon meyeri",1039,662,cv_layout,ok
coral_fig_320,images/coral_fig_320_p142.jpg,142,385,Chaetodon trifasciatus,Chaetodon,trifasciatus,True,"Fig. 385. Redfin butterflyfish, Chaetodon trifasciatus",1033,653,cv_layout,ok
coral_fig_321,images/coral_fig_321_p142.jpg,142,386,Chaetodon collare,Chaetodon,collare,True,"Fig. 386. School of red-tailed butterflyfish, Chaetodon collare",1038,653,cv_layout,ok
coral_fig_322,images/coral_fig_322_p142.jpg,142,387,Chaetodon ephippium,Chaetodon,ephippium,True,"Fig. 387. Saddled butterflyfish, Chaetodon ephippium",1027,652,cv_layout,ok
coral_fig_323,images/coral_fig_323_p142.jpg,142,388,Chaetodon triangulum,Chaetodon,triangulum,True,"Fig. 388. Triangular butterflyfish, Chaetodon triangulum",1037,656,cv_layout,ok
coral_fig_324,images/coral_fig_324_p144.jpg,144,697,Abudefduf vaigiensis,Abudefduf,vaigiensis,True,"Fig. 697. Yellow-backed sergeant, Abudefduf vaigiensis",1034,522,cv_layout,ok
coral_fig_325,images/coral_fig_325_p144.jpg,144,400,Premnas biaculeatus,Premnas,biaculeatus,True,"Fig. 400. Spine-cheeked anemonefish, Premnas biaculeatus",954,454,cv_layout,ok
coral_fig_326,images/coral_fig_326_p144.jpg,144,399,Amphiprion frenatus,Amphiprion,frenatus,True,"Fig. 399. Bridled clown, Amphiprion frenatus",1054,666,cv_layout,ok
coral_fig_327,images/coral_fig_327_p144.jpg,144,398,Amphiprion perideraion,Amphiprion,perideraion,True,"Fig. 398. Pink anemonefish, Amphiprion perideraion",1032,668,cv_layout,ok
coral_fig_328,images/coral_fig_328_p144.jpg,144,402,Neoglyphidodon melas,Neoglyphidodon,melas,True,"Fig. 402. Young of black damsel, Neoglyphidodon melas",1039,697,cv_layout,ok
coral_fig_329,images/coral_fig_329_p144.jpg,144,401,Amphiprion frenatus,Amphiprion,frenatus,True,"Fig. 401. Bridled clown, Amphiprion frenatus",960,653,cv_layout,ok
coral_fig_330,images/coral_fig_330_p144.jpg,144,404,Pervagor melanocephalus,Pervagor,melanocephalus,True,"Fig. 404. Black-headed leatherjacket, Pervagor melanocephalus",1039,617,cv_layout,ok
coral_fig_331,images/coral_fig_331_p144.jpg,144,403,Chromis viridis,Chromis,viridis,True,"Fig. 403. Common chromis, Chromis viridis",1030,609,cv_layout,ok
coral_fig_332,images/coral_fig_332_p145.jpg,145,405,Neoglyphidodon nigroris,Neoglyphidodon,nigroris,True,"Fig. 405. Yellowfin damsel, Neoglyphidodon nigroris",1023,647,cv_layout,ok
coral_fig_333,images/coral_fig_333_p145.jpg,145,406,Pomacanthus annularis,Pomacanthus,annularis,True,"Fig. 406. Blue-ring angelfish, Pomacanthus annularis",839,635,cv_layout,ok
coral_fig_334,images/coral_fig_334_p145.jpg,145,408,Pomacanthus semicirculatus,Pomacanthus,semicirculatus,True,Fig. 408. Juvenile of Pomacanthus semicirculatus,1017,641,cv_layout,ok
coral_fig_335,images/coral_fig_335_p145.jpg,145,407,Pomacanthus semicirculatus,Pomacanthus,semicirculatus,True,"Fig. 407. Semicircular angelfish, Pomacanthus semicirculatus (Adult)",781,575,cv_layout,ok
coral_fig_336,images/coral_fig_336_p145.jpg,145,409,Pygoplites diacanthus,Pygoplites,diacanthus,True,"Fig. 409. Regal angelfish, Pygoplites diacanthus",1021,575,cv_layout,ok
coral_fig_337,images/coral_fig_337_p145.jpg,145,410,Pomacanthus imperator,Pomacanthus,imperator,True,"Fig. 410. Emperor angelfish, Pomacanthus imperator",1008,571,cv_layout,ok
coral_fig_338,images/coral_fig_338_p145.jpg,145,412,Halichoeres hortulanus,Halichoeres,hortulanus,True,"Fig. 412. Checkered wrasse, Halichoeres hortulanus",1014,667,cv_layout,ok
coral_fig_339,images/coral_fig_339_p145.jpg,145,411,Heniochus varius,Heniochus,varius,True,"Fig. 411. Humphead bannerfish, Heniochus varius",1021,659,cv_layout,ok
coral_fig_340,images/coral_fig_340_p146.jpg,146,414,Epibulus insidiator,Epibulus,insidiator,True,"Fig. 414. Slingjaw wrasse, Epibulus insidiator (Black phase)",1022,518,manual_added,ok
coral_fig_341,images/coral_fig_341_p146.jpg,146,413,Bodianus axillaris,Bodianus,axillaris,True,"Fig. 413. Black axil hogfish, Bodianus axillaris",1016,523,manual_recrop,ok
coral_fig_342,images/coral_fig_342_p146.jpg,146,416,Halichoeres margaritaceus,Halichoeres,margaritaceus,True,"Fig. 416. Pinkbelly wrasse, Halichoeres margaritaceus",1019,436,manual_recrop,ok
coral_fig_343,images/coral_fig_343_p146.jpg,146,415,Halichoeres marginatus,Halichoeres,marginatus,True,"Fig. 415. Dusky wrasse, Halichoeres marginatus",1014,455,manual_recrop,ok
coral_fig_344,images/coral_fig_344_p146.jpg,146,417,Cheilinus fasciatus,Cheilinus,fasciatus,True,"Fig. 417. Red-breasted wrasse, Cheilinus fasciatus",960,389,manual_recrop,ok
coral_fig_345,images/coral_fig_345_p146.jpg,146,418,Gomphosus caeruleus,Gomphosus,caeruleus,True,"Fig. 418. Bird wrasse, Gomphosus caeruleus (Dark phase)",986,407,manual_recrop,ok
coral_fig_346,images/coral_fig_346_p146.jpg,146,419,Gomphosus caeruleus,Gomphosus,caeruleus,True,"Fig. 419. Bird wrasse, Gomphosus caeruleus (Green phase)",1029,470,manual_recrop,ok
coral_fig_347,images/coral_fig_347_p146.jpg,146,420,Halichoeres argus,Halichoeres,argus,True,"Fig. 420. Red spotted wrasse, Halichoeres argus",1040,455,manual_recrop,ok
coral_fig_348,images/coral_fig_348_p146.jpg,146,421,Hemigymnus melapterus,Hemigymnus,melapterus,True,"Fig. 421. Thick-lipped wrasse, Hemigymnus melapterus",1040,409,manual_recrop,ok
coral_fig_349,images/coral_fig_349_p146.jpg,146,422,Stethojulis trilineata,Stethojulis,trilineata,True,"Fig. 422. Three-ribbon wrasse, Stethojulis trilineata",1044,387,manual_recrop,ok
coral_fig_350,images/coral_fig_350_p147.jpg,147,426,Plectorhinchus orientalis,Plectorhinchus,orientalis,True,"Fig. 426. Oriental sweetlip, Plectorhinchus orientalis",1008,400,manual_recrop,ok
coral_fig_351,images/coral_fig_351_p147.jpg,147,423,Thalassoma jansenii,Thalassoma,jansenii,True,"Fig. 423. Jansen's wrasse, Thalassoma jansenii",999,393,manual_recrop,ok
coral_fig_352,images/coral_fig_352_p147.jpg,147,424,Platax orbicularis,Platax,orbicularis,True,"Fig. 424. Young of batfish, Platax orbicularis",1011,721,manual_added,ok
coral_fig_353,images/coral_fig_353_p147.jpg,147,425,Platax pinnatus,Platax,pinnatus,True,"Fig. 425. Batfish, Platax pinnatus",995,710,manual_recrop,ok
coral_fig_354,images/coral_fig_354_p147.jpg,147,427,Plectorhinchus chaetodonoides,Plectorhinchus,chaetodonoides,True,"Fig. 427. Spotted sweetlip, Plectorhinchus chaetodonoides (Adult)",1014,617,manual_recrop,ok
coral_fig_355,images/coral_fig_355_p147.jpg,147,428,Cheilinus chlorourus,Cheilinus,chlorourus,True,"Fig. 428. Floral wrasse, Cheilinus chlorourus",1002,609,manual_recrop,ok
coral_fig_356,images/coral_fig_356_p147.jpg,147,429,Acanthurus xanthopterus,Acanthurus,xanthopterus,True,"Fig. 429. Yellowfin surgeon, Acanthurus xanthopterus",1013,679,manual_recrop,ok
coral_fig_357,images/coral_fig_357_p147.jpg,147,430,Acanthurus xanthopterus,Acanthurus,xanthopterus,True,"Fig. 430. Yellowfin surgeon, Acanthurus xanthopterus",962,632,manual_recrop,ok
coral_fig_358,images/coral_fig_358_p148.jpg,148,432,Acanthurus dussumieri,Acanthurus,dussumieri,True,"Fig. 432. Eye-stripe surgeon, Acanthurus dussumieri",1029,477,manual_recrop,ok
coral_fig_359,images/coral_fig_359_p148.jpg,148,431,Acanthurus triostegus,Acanthurus,triostegus,True,"Fig. 431. Convict surgeon, Acanthurus triostegus",1021,461,manual_recrop,ok
coral_fig_360,images/coral_fig_360_p148.jpg,148,434,Acanthurus lineatus,Acanthurus,lineatus,True,"Fig. 434. Blue-lined surgeon, Acanthurus lineatus",1030,668,manual_recrop,ok
coral_fig_361,images/coral_fig_361_p148.jpg,148,433,Acanthurus nigricauda,Acanthurus,nigricauda,True,"Fig. 433. Back-streak surgeon, Acanthurus nigricauda",1031,651,manual_recrop,ok
coral_fig_362,images/coral_fig_362_p148.jpg,148,437,Zebrasoma scopas,Zebrasoma,scopas,True,"Fig. 437. Brush-tail tang, Zebrasoma scopas",1072,751,manual_added,ok
coral_fig_363,images/coral_fig_363_p148.jpg,148,436,Zebrasoma veliferum,Zebrasoma,veliferum,True,"Fig. 436. Sailfin tang, Zebrasoma veliferum (Adult)",782,742,manual_recrop,ok
coral_fig_364,images/coral_fig_364_p148.jpg,148,438,Myripristes murdjan,Myripristes,murdjan,True,"Fig. 438. Blotch-eye soldierfish, Myripristes murdjan",1023,594,manual_added,ok
coral_fig_365,images/coral_fig_365_p148.jpg,148,435,Acanthurus leucosternon,Acanthurus,leucosternon,True,"Fig. 435. Powder-blue surgeon, Acanthurus leucosternon",1023,574,manual_recrop,ok
coral_fig_366,images/coral_fig_366_p149.jpg,149,439,Sargocentron praslin,Sargocentron,praslin,True,"Fig. 439. Dark-striped squirrelfish, Sargocentron praslin",1023,507,cv_layout,ok
coral_fig_367,images/coral_fig_367_p149.jpg,149,440,Sargocentron diadema,Sargocentron,diadema,True,"Fig. 440. Crown squirrelfish, Sargocentron diadema",922,499,cv_layout,ok
coral_fig_368,images/coral_fig_368_p149.jpg,149,442,Parupeneus cyclostomus,Parupeneus,cyclostomus,True,"Fig. 442. Gold-saddle goatfish, Parupeneus cyclostomus",1019,580,cv_layout,ok
coral_fig_369,images/coral_fig_369_p149.jpg,149,441,Parupeneus barberinus,Parupeneus,barberinus,True,"Fig. 441. Dash-and-dot goatfish, Parupeneus barberinus",1020,570,cv_layout,ok
coral_fig_370,images/coral_fig_370_p149.jpg,149,444,Gymnothorax sp.,Gymnothorax,sp.,False,"Fig. 444. Peppered moray eel, Gymnothorax sp.",1016,643,cv_layout,ok
coral_fig_371,images/coral_fig_371_p149.jpg,149,443,Gymnomuraena zebra,Gymnomuraena,zebra,True,"Fig. 443. Zebra moray eel, Gymnomuraena zebra",1020,642,cv_layout,ok
coral_fig_372,images/coral_fig_372_p149.jpg,149,445,Myrichthys colubrinus,Myrichthys,colubrinus,True,"Fig. 445. Ringed snake-eel, Myrichthys colubrinus",1021,592,cv_layout,ok
coral_fig_373,images/coral_fig_373_p149.jpg,149,446,Echidna nebulosa,Echidna,nebulosa,True,"Fig. 446. Starry moray eel, Echidna nebulosa",1010,581,cv_layout,ok
coral_fig_374,images/coral_fig_374_p150.jpg,150,448,Cetoscarus bicolor,Cetoscarus,bicolor,True,"Fig. 448. Adult of bicolour parrotfish, Cetoscarus bicolor",1029,471,manual_recrop,ok
coral_fig_375,images/coral_fig_375_p150.jpg,150,447,Gymnothorax javanicus,Gymnothorax,javanicus,True,"Fig. 447. Giant moray eel, Gymnothorax javanicus",892,591,manual_recrop,ok
coral_fig_376,images/coral_fig_376_p150.jpg,150,449,Cetoscarus bicolor,Cetoscarus,bicolor,True,"Fig. 449. Juvenile of bicolour parrotfish, Cetoscarus bicolor",1022,520,manual_recrop,ok
coral_fig_377,images/coral_fig_377_p150.jpg,150,450,Scarus sp.,Scarus,sp.,False,"Fig. 450. Parrotfish, Scarus sp. among corals",1028,516,manual_recrop,ok
coral_fig_378,images/coral_fig_378_p150.jpg,150,451,Scarus frenatus,Scarus,frenatus,True,"Fig. 451. Bridled parrotfish, Scarus frenatus",1023,451,manual_recrop,ok
coral_fig_379,images/coral_fig_379_p150.jpg,150,452,Scarus niger,Scarus,niger,True,"Fig. 452. Dusky-parrotfish, Scarus niger",1017,460,manual_recrop,ok
coral_fig_380,images/coral_fig_380_p150.jpg,150,453,Scarus rubroviolaceus,Scarus,rubroviolaceus,True,"Fig. 453. Ember-parrotfish, Scarus rubroviolaceus",963,392,manual_recrop,ok
coral_fig_381,images/coral_fig_381_p150.jpg,150,454,Scarus scaber,Scarus,scaber,True,"Fig. 454. Saddled-parrotfish, Scarus scaber",1026,409,manual_recrop,ok
coral_fig_382,images/coral_fig_382_p150.jpg,150,456,Hippocampus kuda,Hippocampus,kuda,True,"Fig. 456. Spotted seahorse, Hippocampus kuda",1029,413,manual_added,ok
coral_fig_383,images/coral_fig_383_p150.jpg,150,455,Hippocampus histrix,Hippocampus,histrix,True,"Fig. 455. Thorny seahorse, Hippocampus histrix",997,372,manual_recrop,ok
coral_fig_384,images/coral_fig_384_p151.jpg,151,457,Syngnathoides biaculeatus,Syngnathoides,biaculeatus,True,"Fig. 457. Alligator-pipefish, Syngnathoides biaculeatus",1015,366,cv_layout,ok
coral_fig_385,images/coral_fig_385_p151.jpg,151,458,Doryramphus excisus,Doryramphus,excisus,True,"Fig. 458. Blue-striped pipefish, Doryramphus excisus",1019,360,cv_layout,ok
coral_fig_386,images/coral_fig_386_p151.jpg,151,459,Doryrhamphus dactylophorus,Doryrhamphus,dactylophorus,True,"Fig. 459. Ringed pipefish, Doryrhamphus dactylophorus",1024,260,cv_layout,ok
coral_fig_387,images/coral_fig_387_p151.jpg,151,460,Choeroichthys sculptus,Choeroichthys,sculptus,True,"Fig. 460. Pipefish, Choeroichthys sculptus",881,180,cv_layout,ok
coral_fig_388,images/coral_fig_388_p151.jpg,151,462,Aeoliscus strigatus,Aeoliscus,strigatus,True,"Fig. 462. Razorfish, Aeoliscus strigatus",1007,334,cv_layout,ok
coral_fig_389,images/coral_fig_389_p151.jpg,151,461,Histrio histrio,Histrio,histrio,True,"Fig. 461. Sargassumfish, Histrio histrio",1027,495,cv_layout,ok
coral_fig_390,images/coral_fig_390_p151.jpg,151,464,Paracirrhites forsteri,Paracirrhites,forsteri,True,"Fig. 464. Black-sided hawkfish, Paracirrhites forsteri",1023,451,cv_layout,ok
coral_fig_391,images/coral_fig_391_p151.jpg,151,463,Cirrhitus pinnulatus,Cirrhitus,pinnulatus,True,"Fig. 463. Marbled hawkfish, Cirrhitus pinnulatus",951,405,cv_layout,ok
coral_fig_392,images/coral_fig_392_p151.jpg,151,465,Cirrhitichthys falco,Cirrhitichthys,falco,True,"Fig. 465. Falco hawkfish, Cirrhitichthys falco",1036,559,cv_layout,ok
coral_fig_393,images/coral_fig_393_p151.jpg,151,466,Paracirrhites forsteri,Paracirrhites,forsteri,True,"Fig. 466. Hawkfish, Paracirrhites forsteri, colour variant",1027,558,cv_layout,ok
coral_fig_394,images/coral_fig_394_p152.jpg,152,469,Epinephelus caeruleopunctatus,Epinephelus,caeruleopunctatus,True,"Fig. 469. White-spotted rockcod, Epinephelus caeruleopunctatus",817,413,manual_recrop,ok
coral_fig_395,images/coral_fig_395_p152.jpg,152,471,Cephalopholis miniata,Cephalopholis,miniata,True,"Fig. 471. Coral hind, Cephalopholis miniata",1034,508,manual_recrop,ok
coral_fig_396,images/coral_fig_396_p152.jpg,152,472,Epinephelus flavocaeruleus,Epinephelus,flavocaeruleus,True,"Fig. 472. Blue and Yellow grouper, Epinephelus flavocaeruleus",1022,505,manual_recrop,ok
coral_fig_397,images/coral_fig_397_p152.jpg,152,474,Scolopsis bilineatus,Scolopsis,bilineatus,True,"Fig. 474. Bridled monocle bream, Scolopsis bilineatus",1043,432,manual_recrop,ok
coral_fig_398,images/coral_fig_398_p152.jpg,152,473,Grammistes sexlineatus,Grammistes,sexlineatus,True,"Fig. 473. Soapfish, Grammistes sexlineatus",1039,418,manual_recrop,ok
coral_fig_399,images/coral_fig_399_p152.jpg,152,475,Scorpaenopsis gibbosa,Scorpaenopsis,gibbosa,True,"Fig. 475. Humpback scorpionfish, Scorpaenopsis gibbosa (Young)",1049,500,manual_recrop,ok
coral_fig_400,images/coral_fig_400_p152.jpg,152,476,Synanceia verrucosa,Synanceia,verrucosa,True,"Fig. 476. Stonefish, Synanceia verrucosa",1047,498,manual_recrop,ok
coral_fig_401,images/coral_fig_401_p153.jpg,153,477,Pterois radiata,Pterois,radiata,True,"Fig. 477. Radiant firefish, Pterois radiata",938,613,cv_layout,ok
coral_fig_402,images/coral_fig_402_p153.jpg,153,478,Dendrochirus brachypterus,Dendrochirus,brachypterus,True,"Fig. 478. Shortfin turkeyfish, Dendrochirus brachypterus",1017,614,cv_layout,ok
coral_fig_403,images/coral_fig_403_p153.jpg,153,479,Pterois volitans,Pterois,volitans,True,"Fig. 479. Red lionfish, Pterois volitans",1030,586,cv_layout,ok
coral_fig_404,images/coral_fig_404_p153.jpg,153,480,Siganus guttatus,Siganus,guttatus,True,"Fig. 480. Yellow-spotted rabbitfish, Siganus guttatus",1018,577,cv_layout,ok
coral_fig_405,images/coral_fig_405_p153.jpg,153,481,Siganus virgatus,Siganus,virgatus,True,"Fig. 481. Barred rabbitfish, Siganus virgatus",1022,480,cv_layout,ok
coral_fig_406,images/coral_fig_406_p153.jpg,153,482,Pterocaesio tile,Pterocaesio,tile,True,"Fig. 482. Dark-banded fusilier, Pterocaesio tile",1011,470,cv_layout,ok
coral_fig_407,images/coral_fig_407_p153.jpg,153,483,Pterocaesio tessellata,Pterocaesio,tessellata,True,"Fig. 483. One-stripe fusilier, Pterocaesio tessellata",1021,617,cv_layout,ok
coral_fig_408,images/coral_fig_408_p153.jpg,153,484,Apogon cookii,Apogon,cookii,True,"Fig. 484. Black-banded cardinalfish, Apogon cookii",1010,614,cv_layout,ok
coral_fig_409,images/coral_fig_409_p154.jpg,154,486,Sphaeramia orbicularis,Sphaeramia,orbicularis,True,"Fig. 486. Coral cardinalfish, Sphaeramia orbicularis",1042,491,cv_layout,ok
coral_fig_410,images/coral_fig_410_p154.jpg,154,485,Apogon kallopterus,Apogon,kallopterus,True,"Fig. 485. Iridescent cardinalfish, Apogon kallopterus",1035,487,cv_layout,ok
coral_fig_411,images/coral_fig_411_p154.jpg,154,487,Cheilodipterus macrodon,Cheilodipterus,macrodon,True,"Fig. 487. Tenlined cardinalfish, Cheilodipterus macrodon",1033,523,cv_layout,ok
coral_fig_412,images/coral_fig_412_p154.jpg,154,488,Lutjanus bengalensis,Lutjanus,bengalensis,True,"Fig. 488. Bengal snapper, Lutjanus bengalensis",1041,524,cv_layout,ok
coral_fig_413,images/coral_fig_413_p154.jpg,154,489,Lutjanus decussatus,Lutjanus,decussatus,True,"Fig. 489. Checkered snapper, Lutjanus decussatus",999,497,cv_layout,ok
coral_fig_414,images/coral_fig_414_p154.jpg,154,490,Lutjanus gibbus,Lutjanus,gibbus,True,"Fig. 490. Humpback red snapper, Lutjanus gibbus",1001,494,cv_layout,ok
coral_fig_415,images/coral_fig_415_p154.jpg,154,491,Lutjanus rivulatus,Lutjanus,rivulatus,True,"Fig. 491. Blubber-lip snapper, Lutjanus rivulatus",935,485,cv_layout,ok
coral_fig_416,images/coral_fig_416_p154.jpg,154,492,Lutjanus sebae,Lutjanus,sebae,True,"Fig. 492. Emperor red snapper, Lutjanus sebae",829,491,cv_layout,ok
coral_fig_417,images/coral_fig_417_p154.jpg,154,494,Pardachirus marmoratus,Pardachirus,marmoratus,True,"Fig. 494. Speckled sole, Pardachirus marmoratus",879,409,cv_layout,ok
coral_fig_418,images/coral_fig_418_p154.jpg,154,493,Aesopia cornuta,Aesopia,cornuta,True,"Fig. 493. Horned sole, Aesopia cornuta",765,384,cv_layout,ok
coral_fig_419,images/coral_fig_419_p155.jpg,155,495,Ptereleotris hanae,Ptereleotris,hanae,True,"Fig. 495. Threadfin dartfish, Ptereleotris hanae",1010,425,manual_added,ok
coral_fig_420,images/coral_fig_420_p155.jpg,155,496,Synodus sp.,Synodus,sp.,False,"Fig. 496. Lizardfish, Synodus sp.",1008,404,manual_recrop,ok
coral_fig_421,images/coral_fig_421_p155.jpg,155,497,Gobiodon citrinus,Gobiodon,citrinus,True,"Fig. 497. Coral goby, Gobiodon citrinus",942,404,manual_recrop,ok
coral_fig_422,images/coral_fig_422_p155.jpg,155,498,Ecsenius midas,Ecsenius,midas,True,"Fig. 498. Midas blenny, Ecsenius midas",1001,405,manual_recrop,ok
coral_fig_423,images/coral_fig_423_p155.jpg,155,499,Aetobatus narinari,Aetobatus,narinari,True,"Fig. 499. Spotted eagle ray, Aetobatus narinari",1053,642,manual_recrop,ok
coral_fig_424,images/coral_fig_424_p155.jpg,155,500,Hypolophus sephen,Hypolophus,sephen,True,"Fig. 500. Feather-tail stingray, Hypolophus sephen",970,653,manual_recrop,ok
coral_fig_425,images/coral_fig_425_p155.jpg,155,502,Stegostoma fasciatum,Stegostoma,fasciatum,True,"Fig. 502. Zebra shark, Stegostoma fasciatum",1007,367,manual_recrop,ok
coral_fig_426,images/coral_fig_426_p155.jpg,155,501,Chiloscyllium punctatum,Chiloscyllium,punctatum,True,"Fig. 501. Brown-banded bambooshark, Chiloscyllium punctatum",1010,496,manual_added,ok
coral_fig_427,images/coral_fig_427_p155.jpg,155,504,Carcharhinus melanopterus,Carcharhinus,melanopterus,True,"Fig. 504. Blacktip reef shark, Carcharhinus melanopterus",1004,367,manual_recrop,ok
coral_fig_428,images/coral_fig_428_p155.jpg,155,503,Carcharhinus amblyrhynchos,Carcharhinus,amblyrhynchos,True,"Fig. 503. Grey-reef shark, Carcharhinus amblyrhynchos",999,362,manual_recrop,ok
coral_fig_429,images/coral_fig_429_p156.jpg,156,506,Carcharhinus longimanus,Carcharhinus,longimanus,True,"Fig. 506. Oceanic whitetip shark, Carcharhinus longimanus",1030,391,manual_recrop,recropped
coral_fig_430,images/coral_fig_430_p156.jpg,156,505,Sphyrna lewini,Sphyrna,lewini,True,"Fig. 505. Scalloped hammerhead shark, Sphyrna lewini",1013,374,manual_recrop,ok
coral_fig_431,images/coral_fig_431_p156.jpg,156,507,Sphyrna zygaena,Sphyrna,zygaena,True,"Fig. 507. Smooth hammerhead shark, Sphyrna zygaena",1030,474,manual_recrop,ok
coral_fig_432,images/coral_fig_432_p156.jpg,156,508,Caranx ignobilis,Caranx,ignobilis,True,"Fig. 508. Giant trevally, Caranx ignobilis",1030,479,manual_recrop,ok
coral_fig_433,images/coral_fig_433_p156.jpg,156,509,Gnathanodon speciosus,Gnathanodon,speciosus,True,"Fig. 509. Golden trevally, Gnathanodon speciosus",1028,440,manual_added,ok
coral_fig_434,images/coral_fig_434_p156.jpg,156,510,Pempheris oualensis,Pempheris,oualensis,True,"Fig. 510. Copper sweeper, Pempheris oualensis",1033,449,manual_recrop,ok
coral_fig_435,images/coral_fig_435_p156.jpg,156,512,Pseudobalistes fuscus,Pseudobalistes,fuscus,True,"Fig. 512. Yellow-spotted triggerfish, Pseudobalistes fuscus",1031,483,manual_recrop,ok
coral_fig_436,images/coral_fig_436_p156.jpg,156,511,Oxymonacanthus longirostris,Oxymonacanthus,longirostris,True,"Fig. 511. Longnose leatherjacket, Oxymonacanthus longirostris",1028,474,manual_recrop,ok
coral_fig_437,images/coral_fig_437_p156.jpg,156,513,Balistoides conspicillum,Balistoides,conspicillum,True,"Fig. 513. Clown triggerfish, Balistoides conspicillum",1020,527,manual_recrop,ok
coral_fig_438,images/coral_fig_438_p156.jpg,156,514,Balistoides viridescens,Balistoides,viridescens,True,"Fig. 514. Titan triggerfish, Balistoides viridescens",1006,532,manual_recrop,ok
coral_fig_439,images/coral_fig_439_p157.jpg,157,515,Odonus niger,Odonus,niger,True,"Fig. 515. Red-tooth triggerfish, Odonus niger",1025,661,cv_layout,ok
coral_fig_440,images/coral_fig_440_p157.jpg,157,516,Rhinecanthus rectangulus,Rhinecanthus,rectangulus,True,"Fig. 516. Wedge-tailed triggerfish, Rhinecanthus rectangulus",1015,652,cv_layout,ok
coral_fig_441,images/coral_fig_441_p157.jpg,157,518,Rhinecanthus aculeatus,Rhinecanthus,aculeatus,True,"Fig. 518. Black-bar trigger, Rhinecanthus aculeatus",1014,590,cv_layout,ok
coral_fig_442,images/coral_fig_442_p157.jpg,157,517,Rhinecanthus verrucosus,Rhinecanthus,verrucosus,True,"Fig. 517. Blackpatch trigger, Rhinecanthus verrucosus",994,558,cv_layout,ok
coral_fig_443,images/coral_fig_443_p157.jpg,157,520,Arothron mappa,Arothron,mappa,True,"Fig. 520. Scribbled-puffer, Arothron mappa",1014,433,cv_layout,ok
coral_fig_444,images/coral_fig_444_p157.jpg,157,519,Arothron nigropunctatus,Arothron,nigropunctatus,True,"Fig. 519. Black-spotted puffer, Arothron nigropunctatus",934,300,cv_layout,ok
coral_fig_445,images/coral_fig_445_p157.jpg,157,522,Arothron sp.,Arothron,sp.,False,"Fig. 522. A pufferfish inflated with air, Arothron sp.",1021,589,cv_layout,ok
coral_fig_446,images/coral_fig_446_p157.jpg,157,521,Arothron nigropunctatus,Arothron,nigropunctatus,True,"Fig. 521. Black-spotted puffer, Arothron nigropunctatus",1023,602,cv_layout,ok
coral_fig_447,images/coral_fig_447_p158.jpg,158,524,Ostracion cubicus,Ostracion,cubicus,True,"Fig. 524. Yellow boxfish, Ostracion cubicus (Juvenile)",1026,537,manual_recrop,ok
coral_fig_448,images/coral_fig_448_p158.jpg,158,523,Canthigaster bennetti,Canthigaster,bennetti,True,"Fig. 523. Bennett's puffer, Canthigaster bennetti",1028,536,manual_added,ok
coral_fig_449,images/coral_fig_449_p158.jpg,158,525,Ostracion cubicus,Ostracion,cubicus,True,Fig. 525. Adult of Ostracion cubicus,1009,454,manual_recrop,ok
coral_fig_450,images/coral_fig_450_p158.jpg,158,526,Ostracion meleagris,Ostracion,meleagris,True,"Fig. 526. White-spotted boxfish, Ostracion meleagris",1034,446,manual_recrop,ok
coral_fig_451,images/coral_fig_451_p158.jpg,158,527,Lactoria cornuta,Lactoria,cornuta,True,"Fig. 527. Long-horn cowfish, Lactoria cornuta",958,419,manual_recrop,ok
coral_fig_452,images/coral_fig_452_p158.jpg,158,528,Arothron nigropunctatus,Arothron,nigropunctatus,True,"Fig. 528. Brown phase of puffer, Arothron nigropunctatus",1029,465,manual_recrop,ok
coral_fig_453,images/coral_fig_453_p158.jpg,158,529,Diodon holocanthus,Diodon,holocanthus,True,"Fig. 529. Balloon porcupinefish, Diodon holocanthus",1023,429,manual_recrop,ok
coral_fig_454,images/coral_fig_454_p158.jpg,158,530,Siganus magnificus,Siganus,magnificus,True,"Fig. 530. Foxface rabbitfish, Siganus magnificus",1029,454,manual_recrop,ok
coral_fig_455,images/coral_fig_455_p159.jpg,159,531,Chelonia mydas,Chelonia,mydas,True,"Fig. 531. Green Sea turtle, Chelonia mydas.",1282,679,cv_layout,ok
coral_fig_456,images/coral_fig_456_p159.jpg,159,532,Chelonia mydas,Chelonia,mydas,True,Fig. 532. Eggs of Green Sea turtle.,787,620,cv_layout,ok
coral_fig_457,images/coral_fig_457_p160.jpg,160,535,Dermochelys coriacea,Dermochelys,coriacea,True,Fig. 535. Hatchling of leatherback turtle,1036,657,manual_added,ok
coral_fig_458,images/coral_fig_458_p160.jpg,160,535,,,,False,Fig. 534. Hatchlings of Green sea turtle. Fig. 535. Hatchling of leatherback turtle,1018,658,manual_recrop,ok
coral_fig_459,images/coral_fig_459_p160.jpg,160,536,Eretmochelys imbricata,Eretmochelys,imbricata,True,"Fig. 536. Hawksbill sea turtle, Eretmochelys imbricata squamata",1030,676,manual_recrop,ok
coral_fig_460,images/coral_fig_460_p160.jpg,160,534,Dermochelys coriacea,Dermochelys,coriacea,True,"Fig. 534. Leatherback turtle, Dermochelys coriacea",1028,672,manual_added,ok
coral_fig_461,images/coral_fig_461_p160.jpg,160,537,Lepidochelys olivacea,Lepidochelys,olivacea,True,"Fig. 537. Olive ridley turtle, Lepidochelys olivacea",2083,1257,manual_recrop,ok
coral_fig_462,images/coral_fig_462_p160.jpg,160,538,Lepidochelys olivacea,Lepidochelys,olivacea,True,Fig. 538. Olive ridley laying eggs,807,522,manual_recrop,ok
coral_fig_463,images/coral_fig_463_p161.jpg,161,540,Laticauda laticauda,Laticauda,laticauda,True,"Fig. 540. Sea snake among corals, Laticauda laticauda",1000,541,manual_added,ok
coral_fig_464,images/coral_fig_464_p161.jpg,161,539,Laticauda colubrina,Laticauda,colubrina,True,"Fig. 539. Amphibious sea snakes, Laticauda colubrina",1014,541,manual_recrop,ok
coral_fig_465,images/coral_fig_465_p161.jpg,161,541,Laticauda laticaudata,Laticauda,laticaudata,True,Fig. 541. Laticauda laticaudata on rocky shore for egg laying,1352,860,manual_recrop,ok
coral_fig_466,images/coral_fig_466_p162.jpg,162,543,Pluvialis sp.,Pluvialis,sp.,False,"Fig. 543. Plovers, Pluvialis sp. on muddy shore.",1057,728,manual_added,ok
coral_fig_467,images/coral_fig_467_p162.jpg,162,542,Egretta sacra,Egretta,sacra,True,"Fig. 542. Reef heron, Egretta sacra",1028,713,manual_recrop,ok
coral_fig_468,images/coral_fig_468_p163.jpg,163,545,Mesophoyx intermedia,Mesophoyx,intermedia,True,"Fig. 545. Median egret, Mesophoyx intermedia",1009,528,manual_added,ok
coral_fig_469,images/coral_fig_469_p163.jpg,163,544,Egretta garzetta,Egretta,garzetta,True,"Fig. 544. Little egret, Egretta garzetta",1013,572,manual_recrop,ok
coral_fig_470,images/coral_fig_470_p163.jpg,163,546,Ardeola grayii,Ardeola,grayii,True,"Fig. 546. Pond heron, Ardeola grayii (Non-breeding phase)",1018,541,manual_added,ok
coral_fig_471,images/coral_fig_471_p163.jpg,163,547,Ardeola grayii,Ardeola,grayii,True,"Fig. 547. Indian Pond heron, Ardeola grayii (Breeding phase)",1009,527,manual_recrop,ok
coral_fig_472,images/coral_fig_472_p163.jpg,163,549,Halcyon smyrnensis,Halcyon,smyrnensis,True,"Fig. 549. White-breasted kingfisher, Halcyon smyrnensis",1009,546,manual_recrop,ok
coral_fig_473,images/coral_fig_473_p163.jpg,163,548,Todiramphus chloris,Todiramphus,chloris,True,"Fig. 548. White-collared kingfisher, Todiramphus chloris",1009,540,manual_recrop,ok
coral_fig_474,images/coral_fig_474_p163.jpg,163,550,Charadrius dubius,Charadrius,dubius,True,"Fig. 550. Little ringed plover, Charadrius dubius (Non-breeding phase)",1009,468,manual_recrop,ok
coral_fig_475,images/coral_fig_475_p163.jpg,163,551,Sterna sumatrana,Sterna,sumatrana,True,"Fig. 551. Black-napped tern, Sterna sumatrana",519,465,manual_recrop,ok
coral_fig_476,images/coral_fig_476_p163.jpg,163,552,Sterna sumatrana,Sterna,sumatrana,True,"Fig. 552. Tern eggs, Sterna sumatrana",476,459,manual_recrop,ok
coral_fig_477,images/coral_fig_477_p163.jpg,163,553,Haliaeetus leucogaster,Haliaeetus,leucogaster,True,"Fig. 553. White-bellied sea eagle, Haliaeetus leucogaster",1163,594,manual_recrop,ok
coral_fig_478,images/coral_fig_478_p164.jpg,164,554,Dugong dugon,Dugong,dugon,True,"Sea cow, Dugong dugon washed ashore",2115,1249,manual_added,ok
coral_fig_479,images/coral_fig_479_p165.jpg,165,555,Delphinus delphis,Delphinus,delphis,True,Fig. 555. Common Dolphin near reefs.,2077,1108,cv_layout,ok
coral_fig_480,images/coral_fig_480_p168.jpg,168,557,,,,False,Fig. 557. Extensive damage of corals at Interview Island after tsunami.,1029,639,manual_recrop,ok
coral_fig_481,images/coral_fig_481_p168.jpg,168,556,,,,False,Fig. 556. Reef exposed due to 26th Dec. 2004 earthquake.,1031,629,manual_recrop,ok
coral_fig_482,images/coral_fig_482_p168.jpg,168,559,,,,False,Fig. 559. Mass destruction of corals at North Reef Island.,1022,856,manual_added,ok
coral_fig_483,images/coral_fig_483_p168.jpg,168,558,,,,False,Fig. 558. Massive death of corals at Anderson Island.,1036,854,manual_added,ok
coral_fig_484,images/coral_fig_484_p169.jpg,169,560,,,,False,Fig. 560. Permanent exposure of reef around the islands,1009,636,manual_recrop,ok
coral_fig_485,images/coral_fig_485_p169.jpg,169,561,,,,False,Fig. 561. Damaged littoral forest due to natural calamity,1017,619,manual_added,ok
coral_fig_486,images/coral_fig_486_p169.jpg,169,562,,,,False,Fig. 562. Permanently exposed intertidal reef at East Island,1011,614,manual_recrop,ok
coral_fig_487,images/coral_fig_487_p169.jpg,169,563,,,,False,Fig. 563. Partially submerged island due to earthquake & tsunami,1002,612,manual_recrop,ok
coral_fig_488,images/coral_fig_488_p169.jpg,169,564,,,,False,Fig. 564. Devastated north end coastal belt of Car Nicobar Island,1007,603,manual_recrop,ok
coral_fig_489,images/coral_fig_489_p169.jpg,169,565,,,,False,Fig. 565. Huge coral blocks washed ashore due to tsunami,1005,596,manual_recrop,ok
coral_fig_490,images/coral_fig_490_p169.jpg,169,567,Porites sp.,Porites,sp.,False,Fig. 567. Huge Porites coral block washed ashore during tsunami,876,693,manual_recrop,ok
coral_fig_491,images/coral_fig_491_p169.jpg,169,566,Tubipora musica,Tubipora,musica,True,Fig. 566. Large chunk of red coral Tubipora musica on shore,1011,668,manual_recrop,ok
coral_fig_492,images/coral_fig_492_p170.jpg,170,568,,,,False,Fig. 568. Sand mining on Island beach.,1039,626,manual_recrop,ok
coral_fig_493,images/coral_fig_493_p170.jpg,170,569,,,,False,Fig. 569. Reef flat damage due to bleaching spray for collection of small fish.,1035,616,manual_recrop,ok
coral_fig_494,images/coral_fig_494_p170.jpg,170,571,,,,False,Fig. 571. Destruction of corals due to fishing nets.,1032,633,manual_recrop,ok
coral_fig_495,images/coral_fig_495_p170.jpg,170,570,,,,False,"Fig. 570. Use of bleaching powder for collection of fish, crabs etc., an act of ignorance.",1032,626,manual_recrop,ok
